t,AGB+OB,AGB+OB_rate,AGB+OB_z
1.0,0.0,3.007587327618096,0.0
1.0092528860766845,0.0,3.007615309801912,9.935315218566677e-07
1.0185913880541169,2.782918969065009e-05,3.007643394771803,1.9965178693115237e-06
1.0280162981264735,5.591614149878791e-05,3.007671582896105,3.0090499196020073e-06
1.0375284158180127,8.426324386078714e-05,3.007699874544266,4.031219434724243e-06
1.0471285480508996,0.00011287290735683386,3.0077282700868455,5.0631190701844675e-06
1.0568175092136585,0.00014174756491638544,3.007756769895513,6.104842383838457e-06
1.066596121230258,0.0001708896720255377,3.0077853743430474,7.156483844820083e-06
1.076465213629835,0.00020030170693631822,3.0078140838033334,8.218138842559703e-06
1.0864256236170655,0.00022998617087792333,3.0078428986513597,9.28990369589366e-06
1.096478196143185,0.0002599455882699173,3.007871819263219,1.0371875662265435e-05
1.1066237839776663,0.00029018250693741175,3.007900846016103,1.1464152947019586e-05
1.1168632477805611,0.0003206994983282434,3.007929979288303,1.2566834712789558e-05
1.1271974561755105,0.0003514991577321698,3.007959219459205,1.3680021088979905e-05
1.1376272858234309,0.00038258410450210016,3.0079885669092876,1.4803813181344412e-05
1.1481536214968828,0.00041395698227738193,3.008018022020119,1.593831308166078e-05
1.158777356155126,0.0004456204592091607,3.0080475851743564,1.708362387750281e-05
1.169499391019871,0.0004775772281878341,3.0080772567557386,1.8239849662111437e-05
1.1803206356517297,0.0005098300070726182,3.008107037149087,1.940709554436518e-05
1.191242008027375,0.0005423815389232461,3.008136926740298,2.0585467658851396e-05
1.202264434617413,0.0005752345922338193,3.0081669259163437,2.1775073176039224e-05
1.2133888504649772,0.0006083919611688313,3.008197035065264,2.2976020312555198e-05
1.2246161992650486,0.0006418564658013835,3.008227254576165,2.4188418341562688e-05
1.2359474334445104,0.0006756309523536137,3.0082575848392135,2.5412377603246268e-05
1.247383514242943,0.000709718293439359,3.008288026245634,2.6648009515401863e-05
1.2589254117941673,0.0007441213883090723,3.0083185791877023,2.789542658413408e-05
1.2705741052085417,0.0007788431630970136,3.008349244058742,2.9154742414661583e-05
1.2823305826560216,0.0008138865710707389,3.008380021253119,3.0426071722231717e-05
1.2941958414499861,0.0008492545928829059,3.0084109111662354,3.170953034314548e-05
1.3061708881318415,0.0008849502368254191,3.0084419141945253,3.3005235245894006e-05
1.318256738556407,0.0009209765390859362,3.0084730307354492,3.4313304542407644e-05
1.330454417978091,0.0009573365640067577,3.0085042611874857,3.563385749941886e-05
1.3427649611378638,0.0009940334043461207,3.0085356059501285,3.696701454994004e-05
1.355189412351036,0.0010310701815419217,3.008567065423877,3.831289730485754e-05
1.367728825595849,0.0010684500459778882,3.008598640010233,3.967162856464295e-05
1.3803842646028848,0.0011061761772522246,3.0086303301116897,4.104333233118293e-05
1.3931568029453032,0.001144251784448751,3.0086621361317274,4.2428133819728865e-05
1.406047524129914,0.0011826801064105665,3.008694058474805,4.3826159470967366e-05
1.4190575216890922,0.0012214644120162495,3.0087260975463526,4.523753696321313e-05
1.4321878992735435,0.0012606080004586276,3.008758253752763,4.6662395224725215e-05
1.4454397707459274,0.0013001142015261354,3.0087905275013838,4.8100864446147995e-05
1.4588142602753484,0.0013399863758867896,3.008822919200508,4.955307609307833e-05
1.4723125024327188,0.001380227915374799,3.0088554292593668,5.101916291875978e-05
1.485935642287007,0.0014208422432798393,3.0088880580881177,5.249925897690573e-05
1.4996848355023735,0.0014618328146390163,3.0089208060978376,5.3993499634652224e-05
1.5135612484362082,0.0015032031165315403,3.008953673700512,5.550202158564224e-05
1.5275660582380726,0.0015449566683761393,3.008986661309023,5.702496286324249e-05
1.5417004529495595,0.0015870970222312368,3.0090197693371414,5.85624628538943e-05
1.5559656316050745,0.001629627763097916,3.0090529981995155,6.0114662310599655e-05
1.5703628043335525,0.001672552509225703,3.0090863483116577,6.168170336654428e-05
1.5848931924611136,0.0017158749124211866,3.009119820089935,6.326372954885868e-05
1.599558028614669,0.0017595986583595102,3.009153413951556,6.486088579251868e-05
1.6143585568264864,0.0018037274668987564,3.009187130314559,6.647331845438718e-05
1.6292960326397223,0.001848265092397251,3.009220969597799,6.810117532739815e-05
1.6443717232149315,0.00189321532403382,3.009254932220935,6.974460565488471e-05
1.6595869074375607,0.0019385819861310173,3.0092890186044152,7.140376014505242e-05
1.6749428760264373,0.001984368938481361,3.009323229169465,7.307879098559941e-05
1.6904409316432643,0.0020305800766765966,3.0093575643380706,7.476985185848519e-05
1.7060823890031236,0.0020772193324400247,3.033241664452546,7.648871368258326e-05
1.721868574986007,0.0021244780558069337,3.095659520490627,7.82667921716275e-05
1.7378008287493754,0.002172856653602898,3.1593644951067774,8.012575457816395e-05
1.7538805018417611,0.002222687657845395,3.224383139918373,8.206945165404021e-05
1.770108958317421,0.0022740147155074857,3.2907425543055657,8.410191984793365e-05
1.7864875748520508,0.0023268827857816105,3.35847039671183,8.622739029158402e-05
1.803017740859569,0.0023813381795379646,3.4275948961776406,8.845029822129489e-05
1.8197008586099834,0.002437428599969488,3.4981448641120862,9.077529285579282e-05
1.8365383433483464,0.0024952031844591416,3.5701497063073577,9.320724775255373e-05
1.8535316234148114,0.002554712547706234,3.643639435201069,9.575127166577912e-05
1.8706821403658007,0.002616008826149666,3.718644682391584,9.841271993032618e-05
1.8879913490962936,0.002679145723727088,3.7951967114115206,0.00010119720639707463
1.9054607179632472,0.002744178559010156,3.873327430764784,0.00010411061594644766
1.9230917289101586,0.002811164313757258,3.953069407232568,0.00010715911760809815
1.9408858775927782,0.002880161682926348,4.034455879453835,0.0001103491783161295
1.9588446735059897,0.0029512311261917943,4.117520771786015,0.0001136875773306432
1.9769696401118606,0.0030244349210104796,4.202298708451607,0.0001171814213578965
1.9952623149688795,0.00309983721728373,4.288825027976657,0.00012083816040291897
2.0137242498623884,0.003177504093663082,4.377135797927108,0.00012466560439007565
2.032357010936222,0.0032575036155493104,4.4672678299491615,0.00012867194058878502
2.0511621788255656,0.003339905894835648,4.559258695119918,0.00013286575188340197
2.0701413487910423,0.003424783151447647,4.653146739614731,0.0001372560359281669
2.0892961308540396,0.00351220977673371,4.748971100697759,0.00014185222523010305
2.1086281499332893,0.00360226239876196,4.846771723042429,0.00014666420820482243
2.128139045982712,0.0036950199495807638,4.946589375388588,0.00015170235125238002
2.147830474130534,0.00379056373450197,5.048465667543301,0.00015697752190259727
2.1677041048196948,0.0038889775034676994,5.152443067732373,0.00016250111308167421
2.1877616239495525,0.003990347524563331,5.258564920309859,0.00016828506855441763
2.2080047330189,0.004094762659741243,5.366875463832923,0.0001743419095990456
2.228435149270304,0.004202314442821784,5.477419849509554,0.00018068476297428918
2.2490546058357808,0.004313097159839971,5.590244160026932,0.00018732739024140624
2.269864851883822,0.00442720793180844,5.7053954287681785,0.0001942842185067544
2.290867652767773,0.004544746799969333,5.822921659425561,0.00020157037265375156
2.3120647901755946,0.004665816813609962,5.9428718460183525,0.00020920170913639008
2.333458062281003,0.004790524120519361,6.065295993323646,0.00021719485140996362
2.3550492838960095,0.004918978060165135,6.1902451377286685,0.00022556722707833203
2.3768402866248763,0.005051291259672427,6.317771368513294,0.00023433710684089758
2.3988329190194904,0.005187579732689264,6.4479278495716175,0.0002435236453264896
2.4210290467361784,0.005327962981225096,6.58076884158165,0.00025314692390558387
2.443430552693972,0.005472564100551939,6.716349724632383,0.00026322799557671167
2.4660393372343394,0.005621509887260209,6.854727021317687,0.0002737889320275592
2.488857318282391,0.005774930950564156,6.995958420306599,0.00028485287297612416
2.51188643150958,0.0059329618269546,7.140102800399909,0.00029644407790240554
2.535128630497908,0.006095741098299621,7.287220255083028,0.00030858798028645415
2.5585858869056457,0.00626341151349695,7.437372117585398,0.00032131124447422235
2.5822601906345963,0.006436120113784804,7.590620986456904,0.00033464182529854017
2.6061535499988957,0.006614018361821252,7.74703075167189,0.0003486090305887054
2.6302679918953817,0.006797262274645397,7.906666621271758,0.00036324358670865417
2.654605561975539,0.006986012560637148,8.069595148557209,0.0003785777072704541
2.679168324819032,0.007180434760595813,8.235884259841447,0.00039464516517696987
2.7039583641088436,0.0073806993930614,8.405603282775942,0.0004114813681550123
2.728977782808041,0.007586982104006203,8.578822975260621,0.00042912343794809733
2.7542287033381663,0.007799463821028114,8.755615554950401,0.00044761029334612455
2.7797132677592886,0.00801833091218105,8.936054729370541,0.0004669827372378984
2.8054336379517135,0.008243775349581931,9.120215726653203,0.00048728354788139653
2.8313919957993794,0.008475994877937888,9.3081753269082,0.0005085575745961605
2.857590543374947,0.008715193188141632,9.500011894240862,0.0005308518380920638
2.884031503126606,0.008961580096087452,9.695805409430514,0.0005542156356591143
2.9107171180666054,0.009215371726864803,9.895637503283062,0.0005787006514538105
2.937649651961531,0.009476790704491216,10.099591490671695,0.0006043610721290075
2.9648313895243428,0.009746066347351166,10.307752405279855,0.0006312537080661945
2.9922646366081893,0.010023434869512411,10.520207035060938,0.0006594381204816423
3.019951720402016,0.010309139588096651,10.7370439584296,0.0006889767546910282
3.047894989627983,0.01060343113688652,10.958353581199663,0.0007199350798309331
3.076096814740708,0.010906567686356497,11.184228174284053,0.0007523817353500704
3.1045595881283554,0.011218815170320907,11.414761912172553,0.0007863886845982616
3.1332857243155856,0.011540447519398023,11.650050912203325,0.0008220313758570666
3.1622776601683795,0.011871746901495265,11.890193274644632,0.0008593889111726406
3.1915378551007616,0.012213003969526615,12.135289123603469,0.0008985442233688646
3.2210687912834346,0.012564518116579814,12.385440648778149,0.0009395842616371073
3.2508729738543436,0.01292659773875729,12.640752148072268,0.000982600186118186
3.2809529311311905,0.013299560505921683,12.901330071087813,0.0010276875719122302
3.311311214825911,0.01368373364058366,13.167283063515521,0.0010749466229732561
3.3419504002611427,0.01407945420517686,13.438722012441078,0.0011244823963674102
3.372873086588689,0.014487069397972242,13.71576009258599,0.0011764050373970268
3.404081897010009,0.014906936857891646,13.998512813502396,0.001230830026116987
3.4355794789987466,0.015339424978488203,14.287098067741532,0.0012878784357953823
3.4673685045253166,0.015784913231369258,14.58163618001597,0.0013476772038972147
3.499451670283573,0.016243792499345808,14.882249957376063,0.0014103594161979302
3.53183169791957,0.01671646541960095,15.189064740421546,0.0014760646046629567
3.5645113342624426,0.017203346737178653,15.50220845556966,0.0015449390597602715
3.5974933515574232,0.01770486366910325,15.821811668401617,0.0016171361579053216
3.630780547701014,0.018221456279449315,16.148007638109583,0.0016928167047715117
3.664375746478333,0.01875357786569127,16.480932373066903,0.0017721492952350014
3.6982817978026628,0.01930169535667199,16.820724687544875,0.0018553106907598167
3.732501577957206,0.019866289722539735,17.16752625959948,0.0019424862150682924
3.767037989839089,0.020447856397013426,17.521481690152438,0.00203387016898287
3.8018939632056115,0.021046905712347023,17.882738563291035,0.0021296662653681304
3.8370724549227875,0.021663963347374877,18.25144750781211,0.0022300880851470447
3.872576449216172,0.02229957078903149,18.62776226003551,0.0023353595554124872
3.90840895792402,0.022954285807750878,19.01183972791362,0.002445715450704689
3.944573020752784,0.023628682947162968,19.40384005646336,0.0025614019185770448
3.9810717055349722,0.024323354028517048,19.803926694548128,0.0026826770306271563
4.017908108489399,0.02503890867027506,19.81949607538982,0.002807642593342237
4.055085354483838,0.025768707333684925,19.426052584455995,0.0029320071561185984
4.092606597300109,0.02649819951891344,19.04042675436239,0.0030535409742248666
4.130475019901613,0.027219826359734692,18.662463275205088,0.0031723091085942593
4.168693834703354,0.027933672936090274,18.292009922622064,0.0032883751329570565
4.207266283844441,0.0286398234111543,17.928917496492506,0.0034018011679390002
4.246195639463129,0.029338361041256537,17.573039760853927,0.00351264791437918
4.285485203974395,0.030029368185698676,17.22423338501292,0.0036209746858852664
4.325138310350087,0.030712926316464845,16.8823578858259,0.003726839440643554
4.36515832240166,0.03138911602782761,16.547275571126512,0.0038302988125008975
4.405548635065533,0.032058017045850505,16.218851484277003,0.003931408141335213
4.446312674691087,0.032719708237788206,15.896953349821128,0.0040302215027308635
4.487453899331322,0.033374267621385595,15.581451520216783,0.004126791736974818
4.528975799036208,0.034021772374076616,15.272218923626946,0.004221170477389177
4.570881896148751,0.03466229884208416,14.969131012747743,0.004313408178015256
4.613175745603794,0.03529592254942193,14.672065714653236,0.004403554140664078
4.65586093522959,0.03592271820679946,14.38090338163656,0.004491656541347809
4.698941086052154,0.036542759720431264,14.095526743027778,0.004577762456106278
4.742419852602447,0.03715612020075117,13.815820857968832,0.004661917886242517
4.786300923226384,0.037762871971032896,13.541673069126869,0.004744167782980759
4.830588020397728,0.038363086575917776,13.272972957326973,0.004824556071560225
4.875284901033864,0.03895683478985083,13.009612297086314,0.004903125674777554
4.92039535681451,0.03954418662542598,12.751485013031646,0.004979918535990553
4.965923214503362,0.04012521134164149,12.498487137182622,0.005054975641595585
5.011872336272724,0.04069997745206663,12.250516767083832,0.005128337042990657
5.05824662003114,0.04126855273292043,12.007474024768532,0.005200041878036017
5.105049999754062,0.04183100423106357,11.769261016537664,0.005270128392023737
5.152286445817564,0.04238739827190424,11.535781793537968,0.005338633958167544
5.199959965335159,0.042937800467219074,11.306942313123235,0.005405595097623917
5.248074602497725,0.043482275722889895,11.082650400983189,0.00547104749905515
5.296634438916578,0.04402088824655724,10.862815714024775,0.005535026037744909
5.345643593969716,0.04455370155519165,10.647349703990827,0.0055975647942765085
5.3951062251512765,0.0450807784825835,10.436165581801538,0.005658697072783959
5.445026528424211,0.04560218118675234,10.229178282604376,0.005718455418785538
5.495408738576246,0.04611797115727654,10.026304431518245,0.005776871636609491
5.546257129579107,0.04662820922254413,9.827462310058326,0.0058339768064211645
5.597576014951102,0.04713295555692579,9.63257182322781,0.005889801300860747
5.649369748123025,0.047632269687870606,9.441554467263522,0.005944374801300506
5.701642722807475,0.04812621050292569,9.254333298022237,0.00599772631373026
5.7543993733715695,0.048614836256680276,9.070832899995114,0.006049884184279596
5.807644175213121,0.04909820457763526,8.890979355937676,0.006100876114385166
5.861381645140288,0.04957637247499883,8.714700217103141,0.00615072917561117
5.91561634175474,0.05004939634540922,8.541924474067114,0.006199469824131019
5.970352865838369,0.05051733197958516,8.372582528131902,0.00624712391487788
6.025595860743578,0.05098023456890481,8.206606163298899,0.006293716715371758
6.08135001278718,0.05143815871191421,8.043928518797802,0.006339272919230467
6.137620051647943,0.05189115842076564,7.8844840621615715,0.006383816659371773
6.1944107507678146,0.05233928712758697,7.728208562836281,0.006427371520913773
6.251726927756859,0.05278259769078254,7.575039066315249,0.006469960553780425
6.309573444801933,0.05322114240126642,7.424913868787048,0.006511606285018976
6.367955209079159,0.05365497298862867,7.277772492287144,0.0065523307308359155
6.4268771731701975,0.054084140627235475,7.133555660343182,0.006592155408357877
6.486344335482385,0.05450869594226381,6.992205274104126,0.006631101347123801
6.546361740672751,0.054928689015671224,6.853664388943606,0.006669189100314534
6.606934480075961,0.05534416939210164,6.717877191528075,0.0067064387557258425
6.668067692136222,0.05575518608472771,6.5847889773405335,0.006742869946490758
6.729766562843179,0.05616178758103054,6.45434612865077,0.006778501861556981
6.792036326171846,0.056564021848517304,6.326496092923257,0.006813353255924957
6.854882264526615,0.056961936340377585,6.201187361653978,0.006847442460652104
6.918309709189364,0.057355578001078995,6.078369449627692,0.006880787392628568
6.982324040771713,0.05774499327190275,5.957992874587289,0.006913405564129714
7.046930689671469,0.05813022809641987,5.840009137307014,0.006945314092150497
7.11213513653329,0.05851132792590867,5.724370702061561,0.006976529707526682
7.177942912713617,0.05888833772471409,5.611030977483159,0.00700706876384783
7.244359600749901,0.05926130197554958,5.49994429779897,0.0070369472461667805
7.3113908348341745,0.059630264684742085,5.391065904441194,0.007066180779510334
7.379042301291009,0.05999526938742088,5.284351928022522,0.007094784637195654
7.447319739059891,0.0603563591526506,5.179759370669653,0.007122773748956863
7.516228940182055,0.06071357658850941,5.077246088707768,0.0071501627088861736
7.5857757502918375,0.0610669638471126,4.976770775688985,0.0071769657831937915
7.655966069112563,0.061416562629582346,4.8782929457579725,0.00720319691779076
7.726805850957024,0.061762414190964274,4.781772917347997,0.0072288697456987915
7.7983011052325875,0.06210455934509118,4.687171797200877,0.007253997594291045
7.870457896950986,0.06244303846939474,4.594451464704369,0.007278593492367733
7.943282347242816,0.06277789150966553,4.503574556540704,0.007302670177070328
8.016780633876792,0.06310915798476216,4.414504451640088,0.007326240100638068
8.090958991783824,0.06343687699126975,4.327205256433097,0.007349315437010378
8.165823713585924,0.06376108720810868,4.241641790396046,0.007371908088278727
8.241381150130023,0.06408182690109378,4.157779571883484,0.00739402969099137
8.31763771102671,0.0643991339274447,4.075584804242146,0.007415691622314344
8.394599865193975,0.06471304574024804,3.995024362200737,0.007436905006052007
8.472274141405965,0.06502359939287147,3.9160657785300823,0.007457680718530327
8.550667128846834,0.06533083154333075,3.8386772309682784,0.00747802939434608
8.629785477669705,0.06563477845860967,3.7628275294055666,0.007497961431985001
8.709635899560807,0.0659354760189341,3.6884861033237746,0.0075174869993119035
8.790225168308844,0.06623295972199975,3.615622989485263,0.007536616038935688
8.87156012037961,0.06652726468715502,3.5442088198664385,0.007555358273452101
8.95364765549594,0.06681842565953872,3.474214809830946,0.00757372321056704
9.036494737223016,0.06710647701417366,3.4056127465377983,0.0075917201481031345
9.120108393559097,0.06739145276001621,3.3383749775797664,0.007609358178892273
9.204495717531712,0.06767338654396247,3.272474399847453,0.007626646195556678
9.289663867799362,0.06795231165481153,3.207884448614588,0.007643592895181071
9.375620069258803,0.06822826102718624,3.144579086840108,0.0076602067838784345
9.462371613657929,0.06850126724541179,3.082532794682759,0.007676496181251767
9.549925860214358,0.06877136254735298,3.0217205592239536,0.0076924692247542364
9.638290236239705,0.06903857882820996,2.962117864394795,0.007708133873950034
9.727472237769652,0.06930294764427358,2.903700681103164,0.0077234979146781875
9.817479430199844,0.0695645002166402,2.8464454575569267,0.007738568963121571
9.908319448927676,0.0698232674348868,2.7903291097793477,0.007753354469783239
10.0,0.07007927986070653,2.7353290123129024,0.007767861723372225
10.092528860766844,0.07033256773150531,2.6814229891077295,0.0077820978546008475
10.18591388054117,0.0705831609639597,2.6285893045910775,0.007796069839895544
10.280162981264736,0.07083108915753672,2.576806654914124,0.007809784505023204
10.375284158180126,0.07107638159797564,2.526054159372664,0.007823248528634918
10.471285480508996,0.07131906726073249,2.4763113519981923,0.007836468445729019
10.568175092136585,0.07155917481438757,2.4275581733160263,0.00784945065103524
10.665961212302578,0.07179673262401609,2.379774962267107,0.007862201402321816
10.76465213629835,0.0720317687545229,2.332942448290264,0.007874726823627222
10.864256236170656,0.07226431097394097,2.2870417435617383,0.007887032908418292
10.964781961431852,0.07249438675669452,2.242054335388834,0.007899125522676399
11.066237839776663,0.07272202328682713,2.1979620787546557,0.007911010407913264
11.168632477805613,0.07294724746119471,2.1547471890109033,0.00792269318411807
11.271974561755105,0.07317008589262446,2.1123922347158115,0.007934179352637353
11.37627285823431,0.07339056491303937,2.0708801306143223,0.00794547429898925
11.481536214968829,0.07360871057654923,2.030194130757686,0.007956583295613526
11.587773561551263,0.07382454866250822,1.9903178217597046,0.007967511504558895
11.694993910198711,0.07403810467853936,1.9512351161869192,0.007978263980108981
11.803206356517299,0.07424940386352633,1.9129302460800577,0.007988845671348341
11.91242008027375,0.07445847119057282,1.8753877566041617,0.007999261424669873
12.02264434617413,0.07466533136993003,1.8385924998248089,0.008009515986224939
12.133888504649775,0.0748700088518922,1.8025296286079502,0.008019614004317476
12.246161992650489,0.07507252782966077,1.767184590640885,0.008029560031743349
12.359474334445107,0.07527291224217768,1.7325431225719798,0.008039358528076166
12.473835142429433,0.07547118577692752,1.6985912442667717,0.008049013861900762
12.589254117941675,0.07566737187270939,1.6653152531781341,0.00805853031299549
12.705741052085418,0.07586149372237863,1.6327017188282498,0.008067912074464499
12.823305826560219,0.07605357427555849,1.6007374774001613,0.00807716325482105
12.941958414499863,0.07624363624132237,1.569409626436733,0.008086287880023016
13.061708881318419,0.07643170209084653,1.5387055196448713,0.008095289895461565
13.182567385564074,0.07661779406003413,1.5086127618029384,0.008104173167904107
13.304544179780914,0.07680193415211008,1.4791192037692809,0.00811294148739247
13.427649611378643,0.07698414414018777,1.4502129375898916,0.008121598569097326
13.551894123510364,0.07716444556980748,1.4218822917032141,0.008130148055129776
13.677288255958494,0.07734285976144684,1.3941158262401705,0.008138593516311087
13.803842646028853,0.07751940781300361,1.3669023284175206,0.008146938453901433
13.931568029453036,0.0776941106022511,1.3402308080226968,0.008155186301288586
14.060475241299143,0.07786698878926644,1.3140904929882946,0.008163340425637376
14.190575216890926,0.07803806281883195,1.2884708250544454,0.008171404129500794
14.321878992735432,0.07820735292280975,1.2633614555173198,0.008179380652393552
14.454397707459272,0.07837487912249014,1.2387522410620488,0.008187273172328917
14.588142602753482,0.07854066123091372,1.2146332396783999,0.008195084807319572
14.723125024327187,0.07870471885516753,1.1909947066575461,0.008202818616843315
14.859356422870068,0.07886707139865555,1.1678270906683281,0.008210477603274296
14.996848355023733,0.0790277380633438,1.1451210299114325,0.008218064713280548
15.13561248436208,0.07918673785198005,1.1228673483499303,0.008225582839188509
15.275660582380723,0.0793440895702886,1.10105705201467,0.008233034820315222
15.417004529495593,0.0794998118291402,1.0796813253830295,0.0082404234442689
15.559656316050742,0.07965392304669747,1.0587315278295781,0.008247751448218477
15.703628043335524,0.0798064414505358,1.038199190147213,0.008255021520132837
15.848931924611133,0.07995738507974019,1.0180760111373823,0.00826223629999029
15.995580286146687,0.08010677178697809,0.9983538542680087,0.008269398380958927
16.14358556826486,0.08025461924054844,0.9790247443977862,0.008276510310548447
16.29296032639722,0.0804009449264071,0.9600808645655179,0.008283574591734007
16.443717232149314,0.080545766150169,0.9415145528432151,0.008290593684052683
16.595869074375607,0.08068910003908698,0.9233182992516858,0.008297570004673063
16.749428760264372,0.0808309635440077,0.905484742737378,0.008304505929438514
16.90440931643264,0.08097137344130469,0.888006668209254,0.008311403793884635
17.060823890031234,0.08111034633478868,0.8708770036345183,0.008318265894231394
17.218685749860068,0.08124789865759566,0.8540888171920171,0.008325094488350436
17.378008287493753,0.08138404667405225,0.8376353144821779,0.008331891796708058
17.538805018417612,0.0815188064815194,0.8215098357923597,0.008338660003284273
17.701089583174213,0.08165219401221382,0.8057058534165198,0.008345401256468444
17.864875748520507,0.0817842250350076,0.7902169690281184,0.008352117669931918
18.03017740859569,0.08191491515720627,0.7750369111052063,0.008358811323478077
18.197008586099834,0.0820442798263054,0.7601595324066627,0.008365484263870217
18.365383433483466,0.08217233433172573,0.7455788074985671,0.00837213850563767
18.535316234148116,0.08229909380652711,0.7312888303297158,0.008378776031860543
18.706821403658008,0.08242457322910161,0.7172838118553052,0.008385398794933463
18.879913490962934,0.08254878742484531,0.7035580777078313,0.00839200871730869
19.054607179632473,0.08267175106780984,0.6901060659142692,0.008398607692218956
19.230917289101587,0.08279347868233272,0.6769223246586189,0.00840519758438038
19.408858775927783,0.08291398464464779,0.664001510088915,0.008411780230675792
19.5884467350599,0.0830332831844747,0.6513383841678239,0.008418357440818796
19.76969640111861,0.08315138838658871,0.638927812565967,0.008424930997998884
19.952623149688797,0.0832683141923699,0.6267647625971223,0.008431502659507923
20.137242498623884,0.08338407440133273,0.6111318158993367,0.008438077235376519
20.32357010936222,0.08349833839371992,0.5946583135005356,0.00844466045496492
20.511621788255656,0.08361066811706357,0.5786499319983686,0.008451254756151777
20.701413487910425,0.08372098325794916,0.5630935598483044,0.00845786146370911
20.892961308540396,0.08382932394450197,0.5479764541030093,0.008464481890010945
21.086281499332898,0.08393572954913736,0.5332862300313663,0.008471117335253485
21.281390459827122,0.08404023870301965,0.5190108510297595,0.008477769087666554
21.478304741305344,0.08414288931023954,0.5051386188173914,0.008484438423716316
21.67704104819695,0.08424371856171547,0.49165816390764994,0.00849112660829934
21.87761623949553,0.08434276294882356,0.4785584363477594,0.00849783489492801
22.080047330189004,0.08444005827676192,0.46582869671917077,0.008504564525907353
22.284351492703042,0.08453563967765355,0.4534585073913581,0.00851131673250328
22.490546058357815,0.08462954162339334,0.4414377240218932,0.008518092735102302
22.698648518838223,0.0847217979382435,0.4297564872958767,0.008524893743362719
22.908676527677734,0.08481244181118228,0.41840521489799143,0.008531720956357349
23.12064790175595,0.0849015058080107,0.40737459371064105,0.008538575562707769
23.334580622810034,0.08498902188322129,0.3966555722318133,0.008545458740710152
23.550492838960103,0.08507502139163409,0.38623935320649555,0.00855237165845268
23.76840286624877,0.08515953509980335,0.37611738646563586,0.008559315473924592
23.98832919019491,0.08524259319719979,0.36628136196681566,0.008566291335116834
24.210290467361787,0.08532422530717239,0.35672320303096816,0.008573300380114418
24.434305526939724,0.08540446049769365,0.3474350597696274,0.008580343737180434
24.6603933723434,0.08548332729189262,0.3384093026973578,0.008587422524831774
24.888573182823915,0.08556085367837943,0.32963851652415765,0.008594537851906604
25.11886431509581,0.08563706712136511,0.3211154941227816,0.008601690817623549
25.351286304979084,0.08571199457058085,0.3128332306660667,0.0086088825116327
25.58585886905645,0.08578566247099978,0.3047849179294855,0.008616114014058382
25.82260190634596,0.08585809677236576,0.29696393875428445,0.008623386395533764
26.06153549998895,0.08592932293853196,0.2893638616667027,0.008630700717227303
26.302679918953814,0.08599936595661306,0.28197843564887654,0.008638058030861085
26.54605561975539,0.08606825034595464,0.27480158505718144,0.008645459378721037
26.791683248190314,0.086136000166923,0.2678274046838639,0.008652905793659097
27.039583641088434,0.08620263902951865,0.2610501549579427,0.008660398299087338
27.289777828080403,0.08626819010181686,0.25446425728147093,0.008667937908964078
27.542287033381662,0.08633267611823843,0.24806428949735487,0.008675525627772032
27.797132677592884,0.08639611938765365,0.24184498148504321,0.008683162450488537
28.05433637951713,0.08645854180132291,0.23580121088049147,0.008690849362547869
28.31391995799379,0.08651996484067645,0.2299279989169179,0.008698587339795723
28.575905433749465,0.08658040958493687,0.2242205063829624,0.008706377348435894
28.84031503126606,0.08663989671858652,0.21867402969494956,0.008714220344969196
29.10717118066605,0.08669844653868347,0.21328399708006102,0.00872211727612468
29.376496519615305,0.0867560789620282,0.20804596486730037,0.008730069078783223
29.648313895243422,0.08681281353218419,0.2029556138832314,0.008738076679893526
29.92264636608189,0.08686866942635492,0.19800874594954865,0.008746140996380578
30.19951720402016,0.08692366546211992,0.19320128047962515,0.008754262935046705
30.47894989627983,0.0869778201040329,0.18852925117126282,0.008762443392465211
30.76096814740708,0.0870311514700837,0.18398880279294652,0.008770683254866742
31.045595881283557,0.08708367733802769,0.17957618806098177,0.008778983398018426
31.332857243155857,0.08713541515158406,0.17528776460496706,0.008787344687095907
31.622776601683793,0.08718638202650625,0.17111999201912434,0.008795767976548323
31.915378551007617,0.08723659475652648,0.16706942899708216,0.008804254109956382
32.210687912834345,0.0872860698191769,0.16313273054777094,0.008812803919883596
32.50872973854344,0.08733482338148968,0.15930664529015673,0.00882141822772082
32.809529311311906,0.0873828713055785,0.1555880128246041,0.008830097843524199
33.11311214825911,0.08743022915410321,0.15197376117872047,0.00883884356584663
33.419504002611426,0.08747691219562073,0.14846090432559253,0.008847656181562935
33.72873086588689,0.08752293540982345,0.14504653977238716,0.008856536465688803
34.04081897010009,0.08756831349266793,0.14172784621734313,0.008865485181193703
34.35579478998746,0.08761306086139585,0.1385020812732365,0.008874503078807912
34.673685045253166,0.08765719165944937,0.1353665792554553,0.008883590896823806
34.99451670283573,0.0877007197612827,0.13231874903287266,0.008892749360891603
35.3183169791957,0.08774365877707228,0.1293560719397556,0.008901979183809717
35.64511334262443,0.08778602205732748,0.126476099746998,0.008911281065309928
35.974933515574236,0.08782782269740373,0.1236764526910133,0.008920655691837545
36.30780547701014,0.08786907354191993,0.12095481755866799,0.008930103736326783
36.643757464783334,0.08790978718908249,0.11830894582668233,0.008939625857971534
36.982817978026624,0.08794997599491751,0.11573665185396967,0.008949222701991805
37.32501577957206,0.0879896520774131,0.11323581112542533,0.00895889489939599
37.67037989839089,0.08802882732057388,0.1108043585457208,0.008968643066739264
38.018939632056124,0.08806751337838915,0.10844028678169515,0.0089784678058783
38.37072454922788,0.08810572167871702,0.10614164465197766,0.008988369703722614
38.72576449216173,0.08814346342708586,0.10390653556251132,0.008998349331982763
39.084089579240214,0.08818074961041496,0.10173311598668484,0.00900840724691567
39.44573020752785,0.0882175910006566,0.09961959398881434,0.009018543989067384
39.810717055349734,0.08825399815836037,0.09756422778975363,0.009028760083013542
40.179081084894,0.08828998143616251,0.09556532437344205,0.009039056037097848
40.55085354483839,0.08832555098220103,0.09362123813323392,0.009049432343168837
40.926065973001094,0.088360716743459,0.09173036955688424,0.009059889476315319
41.30475019901615,0.08839548846903722,0.0898911639490958,0.009070427894600722
41.68693834703355,0.0884298757133582,0.08810211019056335,0.009081048038796776
42.072662838444415,0.08846388783930281,0.08636173953247893,0.009091750332116776
42.4619563946313,0.08849753402128159,0.08466862442549088,0.009102535179948851
42.85485203974397,0.08853082324824191,0.08302137738213626,0.009113402969589561
43.251383103500885,0.08856376432661271,0.08141864987179306,0.009124354069978169
43.65158322401661,0.0885963658831888,0.07985913124722369,0.009135388831431999
44.05548635065534,0.08862863636795525,0.0783415477018078,0.009146507585383217
44.46312674691088,0.08866058405685473,0.07686466125658516,0.00915771064411744
44.87453899331323,0.08869221705449808,0.07542726877625398,0.00916899830051456
45.28975799036209,0.08872354329682035,0.07402820101329277,0.009180370827792167
45.708818961487516,0.08875457055368388,0.07266632167939586,0.00919182847925197
46.13175745603795,0.0887853064314291,0.07134052654343523,0.009203371488029643
46.55860935229589,0.08881575837537527,0.07004974255518134,0.009215000066848462
46.98941086052154,0.08884593367227256,0.06879292699403666,0.009226714407777198
47.424198526024455,0.08887583945270623,0.0675690666420566,0.009238514681992611
47.86300923226383,0.08890548269345504,0.0663771769805493,0.009250401039547045
48.30588020397726,0.08893487021980499,0.06521630140956772,0.009262373609141457
48.75284901033863,0.08896400870781958,0.06408551048962313,0.009274432497904375
49.20395356814509,0.08899290468656833,0.06298390120496974,0.009286577791177147
49.659232145033606,0.0890215645403146,0.06191059624782409,0.009298809552305942
50.11872336272722,0.08904999451066413,0.06086474332290383,0.009311127822440897
50.5824662003114,0.0890782006986756,0.05984551447168321,0.009323532620342835
51.05049999754062,0.08910618906693445,0.05885210541578172,0.009336023942197985
51.52286445817565,0.08913396544159137,0.05788373491891577,0.009348601761441082
51.999599653351595,0.08916153551436645,0.05693964416685997,0.009361266028587294
52.48074602497726,0.08918890484452048,0.0560190961648788,0.009374016671073362
52.966344389165776,0.08921607886079441,0.055121375152104246,0.009386853593108336
53.456435939697165,0.08924306286331828,0.05424578603234888,0.00939977667553433
53.95106225151276,0.08926986202549064,0.05339165382085806,0.009412785775697673
54.450265284242114,0.0892964813958299,0.05255832310651794,0.009425880727330811
54.954087385762456,0.08932292589979816,0.051745157529049866,0.009439061340445365
55.46257129579107,0.08934920034159942,0.05095153927073375,0.009452327401236665
55.97576014951102,0.08937530940595238,0.05017686856221619,0.009465678672000159
56.49369748123026,0.08940125765983961,0.049420563201971426,0.009479114891059974
57.016427228074754,0.08942704955423363,0.048682058088994756,0.00949263577271002
57.543993733715695,0.08945268942580109,0.04796080476832042,0.009506241007167885
58.07644175213121,0.08947818149858607,0.047256270988966745,0.009519930260541884
58.613816451402876,0.0895035298856733,0.046567940273923705,0.009533703174811498
59.1561634175474,0.08952873859083237,0.04589531150180755,0.009547559367821496
59.70352865838369,0.08955381151014358,0.045237898499819594,0.009561498433289996
60.25595860743578,0.08957875243360683,0.04459522964765546,0.009575519940830685
60.81350012787179,0.08960356504673354,0.04396684749202234,0.009589623435989444
61.37620051647942,0.0896282529321233,0.043352308371431586,0.009603808440295552
61.94410750767815,0.08965281957102536,0.042751182050943914,0.009618074451327669
62.51726927756859,0.08967726834488605,0.042163051366554405,0.009632420942794763
63.09573444801933,0.08970160253688285,0.041587511878913797,0.00964684736463212
63.67955209079159,0.0897258253334455,0.041024171536092294,0.009661353143112549
64.26877173170197,0.08974993982576523,0.040472650345100974,0.00967593768097291
64.86344335482384,0.0897739490112924,0.039932580051894956,0.009690600357556018
65.46361740672751,0.08979785579522327,0.03940360382959139,0.009705340528968
66.06934480075961,0.0898216629919765,0.03888537597464424,0.009720157528251137
66.68067692136222,0.08984537332665983,0.038377561610725405,0.009735050665572205
67.29766562843179,0.08986898943652748,0.03787983640007136,0.009750019228426289
67.92036326171846,0.08989251387242875,0.03739188626206144,0.009765062481856076
68.54882264526617,0.08991594910024821,0.0369134070988026,0.00978017966868652
69.18309709189366,0.08993929750233792,0.03644410452750306,0.00979537000977485
69.82324040771715,0.08996256137894194,0.03598369361942468,0.009810632704275785
70.46930689671471,0.0899857429496137,0.03553189864521207,0.00982596692992182
71.12135136533291,0.09000884435462635,0.03508845282640267,0.00984137184331849
71.77942912713618,0.09003186765637623,0.034653098092930414,0.009856846580254357
72.44359600749902,0.09005481484078019,0.03422558484644164,0.009872390256025602
73.11390834834177,0.09007768781866637,0.0338056717292492,0.009888001965774931
73.79042301291011,0.09010048842715906,0.03339312539875727,0.009903680784844607
74.47319739059893,0.0901232184310575,0.032987720307195906,0.00991942576914331
75.16228940182057,0.09014587952420902,0.032589238486510665,0.00993523595552656
75.8577575029184,0.09016847333087638,0.03219746933825883,0.009951110362190358
76.55966069112566,0.0901910014070994,0.03181220942836977,0.009967047989077764
77.26805850957025,0.09021346524205102,0.031433262286632846,0.009983047818298016
77.98301105232589,0.09023586625938776,0.031060438210781825,0.009999108814557844
78.70457896950988,0.09025820581859438,0.030693554075050478,0.01001522992560458
79.43282347242817,0.09028048521632302,0.030332433143079117,0.010031410082680652
80.16780633876793,0.09030270568772643,0.02997690488505729,0.01004764820098905
80.90958991783826,0.09032486840778549,0.02962680479899249,0.010063943180169304
81.65823713585927,0.09034697449263043,0.029281974236000024,0.010080293904783506
82.41381150130026,0.0903690250008563,0.02894226022951324,0.010096699244811937
83.17637711026708,0.09039102093483187,0.02860751532831862,0.010113158056157761
83.94599865193973,0.09041296324200201,0.028277597433323497,0.01012966918116033
84.72274141405963,0.09043485281618369,0.02795236963796957,0.010146231449116538
85.50667128846833,0.0904566904988546,0.0276317000722081,0.010162843676809731
86.29785477669702,0.09047847708043505,0.027315461749957488,0.010179504669045629
87.09635899560806,0.0905002133015622,0.027003532419966947,0.010196213219194698
87.90225168308842,0.09052189985435659,0.026695794420013862,0.010212968109740426
88.71560120379608,0.09054353738368091,0.026392134534365452,0.010229768112832953
89.53647655495938,0.0905651264883903,0.026092443854438697,0.010246611990847459
90.36494737223013,0.09058666772257408,0.0257966176425953,0.010263498496946764
91.20108393559097,0.0906081615967888,0.025504555199011562,0.010280426375647555
92.04495717531712,0.09062960857928183,0.02521615973156541,0.010297394363389646
92.89663867799364,0.09065100909720551,0.024931338228685533,0.01031440118910771
93.75620069258802,0.0906723635378214,0.024650001335109896,0.010331445574804893
94.6237161365793,0.09069367224969432,0.024372063230503085,0.010348526236127729
95.49925860214358,0.09071493554387572,0.024097441510884138,0.010365641882941786
96.38290236239705,0.09073615369507623,0.0238260570728182,0.010382791219907449
97.2747223776965,0.09075732694282682,0.02355783400032747,0.010399972947055284
98.17479430199843,0.09077845549262843,0.023292699454478205,0.01041718576036043
99.08319448927675,0.09079953951708954,0.023030583565602437,0.010434428352315415
100.0,0.0908205791570513,0.02277141932811414,0.010451699412500888
100.92528860766845,0.09084157452270027,0.022515142497881127,0.010468997628153705
101.85913880541169,0.09086252569466781,0.02226169149211488,0.010486321684731823
102.80162981264735,0.09088343272511629,0.022011007291741828,0.010503670266475496
103.75284158180126,0.09090429563881158,0.02176303334622037,0.01052104205696424
104.71285480508996,0.09092511443418154,0.021517715480768737,0.010538435739669089
105.68175092136585,0.09094588908436,0.021275001805969765,0.010555849998499602
106.6596121230258,0.09096661953821635,0.021034842629718997,0.010573283518345215
107.64652136298349,0.09098730572137015,0.02079719037148347,0.01059073498561041
108.64256236170655,0.09100794753719024,0.02056199947883859,0.010608203088743284
109.64781961431851,0.09102854486777882,0.020329226346251363,0.010625686518757076
110.66237839776664,0.09104909757493924,0.020098829236078194,0.01064318396974424
111.68632477805612,0.09106960550112826,0.01987076820174608,0.010660694139382655
112.71974561755106,0.09109006847039175,0.019645005013085894,0.010678215729433577
113.7627285823431,0.091110486289284,0.019421503083786987,0.010695747446231009
114.81536214968828,0.09113085874777034,0.019200227400942037,0.010713288001162065
115.87773561551262,0.09115118562011298,0.018981144456651534,0.010730836111138068
116.94993910198711,0.09117146666573954,0.018764222181656937,0.010748390499056024
118.03206356517298,0.09119170163009467,0.018549429880971864,0.010765949894250185
119.1242008027375,0.09121189024547398,0.018336738171480294,0.01078351303293343
120.22644346174131,0.09123203223184066,0.01812611892147098,0.010801078658628204
121.33888504649774,0.0912521272976245,0.017917545192076945,0.010818645522586766
122.4616199265049,0.09127217514050288,0.017710991180588945,0.010836212384200518
123.59474334445108,0.09129217544816427,0.0175064321656116,0.010853778011398254
124.73835142429432,0.09131212789905371,0.017303844454030732,0.010871341181033072
125.89254117941675,0.09133203216310026,0.017103205329760358,0.010888900679257869
127.05741052085419,0.09135188790242664,0.016904493004237495,0.010906455301889184
128.23305826560218,0.09137169477204063,0.016707686568633025,0.01092400385475934
129.41958414499862,0.09139145242050865,0.016512765947746356,0.01094154515405671
130.61708881318418,0.09141116049061133,0.016319711855551793,0.010959078026654058
131.82567385564073,0.09143081861998095,0.016128505752364256,0.010976601310424857
133.04544179780913,0.09145042644172105,0.015939129803591714,0.010994113854547523
134.2764961137864,0.0914699835850081,0.015751566840041913,0.011011614519797546
135.51894123510365,0.09148948967567548,0.01556580031975051,0.011029102178827474
136.77288255958496,0.09150894433677953,0.015381814291297867,0.011046575716434725
138.03842646028852,0.09152834718914811,0.01519959335858163,0.011064034029817297
139.31568029453035,0.09154769785191157,0.015019122647012141,0.011081476028817313
140.60475241299144,0.09156699594301643,0.014840387771097707,0.011098900636152511
141.90575216890926,0.09158624107972159,0.014663374803386782,0.011116306787635677
143.21878992735438,0.0916054328790777,0.014488070244734055,0.01113369343238214
144.5439770745928,0.09162457095838937,0.014314460995857583,0.01115105953300534
145.8814260275349,0.09164365493566069,0.014142534330154095,0.011168404065800632
147.23125024327194,0.09166268443002425,0.013972277867739668,0.011185726020917374
148.59356422870076,0.09168165906215349,0.01380367955068315,0.01120302440251945
149.9684835502374,0.09170057845465932,0.013636727619399849,0.011220298228934332
151.35612484362088,0.09171944223247028,0.0134714105901731,0.011237546532790833
152.75660582380732,0.09173825002319734,0.013307717233771553,0.011254768361145695
154.170045294956,0.09175700145748292,0.013145636555130298,0.01127196277559916
155.59656316050751,0.09177569616933484,0.012985157774064063,0.011289128852399714
157.0362804333553,0.09179433379644508,0.012826270306981124,0.011306265682538143
158.48931924611142,0.09181291398049395,0.012668963749566707,0.011323372371831123
159.95580286146696,0.09183143636743948,0.012513227860405167,0.011340448040994499
161.4358556826487,0.09184990060779295,0.012359052545510308,0.011357491825706473
162.9296032639723,0.09186830635688004,0.012206427843733856,0.011374502876660898
164.43717232149325,0.09188665327508864,0.012055343913022234,0.011391480359610882
165.95869074375614,0.09190494102810298,0.011905791017492335,0.011408423455402914
167.49428760264382,0.09192316928712485,0.011757759515297308,0.011425331360001753
169.04409316432648,0.09194133772908183,0.011611239847253893,0.01144220328450626
170.60823890031244,0.09195944603682309,0.011466222526203244,0.01145903845515645
172.18685749860077,0.0919774938993027,0.011322698127077672,0.011475836113331956
173.78008287493762,0.0919954810117515,0.01118065727764615,0.011492595515542152
175.3880501841762,0.09201340707583666,0.01104009064991207,0.011509315933408171
177.0108958317422,0.09203127179981035,0.010900988952137106,0.011525996653637047
178.64875748520515,0.09204907489864722,0.010763342921465599,0.011542636977988236
180.301774085957,0.09206681609417103,0.010627143317124466,0.011559236223232724
181.97008586099844,0.0920844951151709,0.01049238091417413,0.011575793721105008
183.65383433483476,0.09210211169750748,0.010359046497786479,0.011592308818248132
185.35316234148124,0.09211966558420899,0.010227130858026526,0.011608780876152074
187.06821403658017,0.09213715652555801,0.010096624785114881,0.011625209271085688
188.79913490962946,0.09215458427916877,0.009967519065148816,0.01164159339402245
190.54607179632484,0.09217194861005559,0.00983980447626017,0.011657932650560247
192.30917289101595,0.0921892492906925,0.009713471785189047,0.011674226460835446
194.08858775927794,0.0922064861010646,0.009588511744252695,0.01169047425943146
195.8844673505991,0.09222365882871116,0.009464915088689636,0.011706675495282082
197.6969640111862,0.09224076726876106,0.009342672534359593,0.011722829631569774
199.52623149688807,0.09225781122396048,0.009221774775780478,0.011738936145619166
201.37242498623894,0.09227479050469352,0.0091022124844841,0.011754994528785968
203.23570109362208,0.0922917049289955,0.008983976307672989,0.011771004286341551
205.11621788255647,0.09230855432256,0.00886705686716109,0.01178696493735338
207.01413487910415,0.09232533851873892,0.008751444758582003,0.011802876014561526
208.92961308540387,0.09234205735853661,0.008637130550848506,0.011818737064251484
210.86281499332887,0.09235871069059808,0.008524104785848072,0.011834547646123475
212.81390459827114,0.09237529837119127,0.008412357978359455,0.011850307333158479
214.7830474130533,0.0923918202641841,0.008301880616175926,0.011866015711481147
216.7704104819694,0.0924082762410162,0.00819266316042137,0.011881672380219832
218.77616239495518,0.09242466618066558,0.008084696046045928,0.011897276951363918
220.80047330188992,0.0924409899696107,0.007977969682488335,0.011912829049618621
222.8435149270303,0.09245724750178794,0.00787247445449272,0.01192832831225746
224.90546058357805,0.0924734386785447,0.007768200723068016,0.011943774388972582
226.98648518838212,0.09248956340858867,0.007665138826578686,0.0119591669417231
229.08676527677724,0.09250562160793292,0.007563279081955953,0.011974505644581634
231.20647901755942,0.09252161319983745,0.007462611786019093,0.01198979018357919
233.3458062281002,0.09253753811474744,0.00736312721689694,0.01200502025654858
235.5049283896009,0.0925533962902279,0.007264815635540112,0.012020195572966503
237.6840286624876,0.09256918767089556,0.007167667287314888,0.012035315853794474
239.88329190194898,0.09258491220834769,0.007071672403670175,0.012050380831318696
242.10290467361776,0.09260056986108832,0.006976821203869304,0.01206539024898909
244.34305526939713,0.0926161605944518,0.006883103896778941,0.012080343861257557
246.60393372343387,0.09263168438052409,0.006790510682707576,0.012095241433415642
248.88573182823905,0.09264714119806186,0.006699031755286695,0.012110082741431716
251.18864315095797,0.09266253103240954,0.0066086573033878665,0.012124867571787816
253.51286304979072,0.09267785387541443,0.0065193775130694895,0.012139595721316232
255.85858869056452,0.09269310972534008,0.006431182569547225,0.012154266997036
258.22601906345955,0.09270829858677826,0.006344062659182484,0.012168881215989375
260.6153549998895,0.0927234204705592,0.006258007971483666,0.01218343820507842
263.02679918953817,0.09273847539366081,0.0061730087011151605,0.01219793780090179
265.4605561975539,0.09275346337911639,0.006089055049909398,0.012212379849591826
267.91683248190316,0.09276838445592164,0.0060061372288775896,0.012226764206652056
270.3958364108843,0.09278323865894052,0.0059242454602150005,0.012241090736795182
272.89777828080406,0.0927980260288102,0.005843369979296898,0.012255359313781645
275.4228703338166,0.09281274661184562,0.005763501036661649,0.01226956982025886
277.97132677592884,0.09282740045994317,0.005684628899977498,0.012283722147601187
280.54336379517133,0.09284198763048407,0.005606743855990074,0.012297816195750714
283.1391995799379,0.0928565081862371,0.005529836212447614,0.01231185187305894
285.75905433749466,0.0928709621952613,0.005453896300001345,0.012325829096129408
288.40315031266056,0.09288534973080839,0.005378914474078514,0.01233974778966137
291.0717118066605,0.09289967087122493,0.0053048811167258686,0.012353607886294509
293.76496519615307,0.09291392569985454,0.0052317866384215235,0.012367409326454843
296.4831389524342,0.09292811430494033,0.005159621479853308,0.012381152058201792
299.2264636608189,0.09294223677952698,0.005088376113661969,0.0123948360370765
301.9951720402016,0.0929562932213636,0.005018041046147665,0.012408461225951467
304.7894989627983,0.0929702837328064,0.0049486068189383585,0.012422027594881502
307.6096814740708,0.0929842084207218,0.0048800640106189735,0.012435535120956083
310.45595881283555,0.09299806739639012,0.004812403238320143,0.012448983788153114
313.32857243155854,0.09301186077540934,0.004745615159265711,0.01246237358719417
316.22776601683796,0.09302558867759977,0.004679690472278099,0.012475704515401214
319.15378551007615,0.09303925122690898,0.004614619919240921,0.012488976576554855
322.10687912834345,0.09305284855131743,0.0045503942865182155,0.012502189780754158
325.0872973854344,0.09306638078274469,0.004487004406329892,0.012515344144278033
328.09529311311906,0.09307984805695654,0.004424441158083004,0.012528439689448237
331.1311214825911,0.09309325051347259,0.004362695469658599,0.012541476444493998
334.19504002611427,0.09310658829547473,0.004301758318653952,0.012554454443418296
337.2873086588689,0.09311986154971645,0.004241620733580165,0.012567373725865801
340.4081897010009,0.093133070426433,0.0041822737950150506,0.012580234336992508
343.55794789987465,0.09314621507925229,0.004123708636711421,0.012593036327337055
346.73685045253166,0.09315929566510689,0.004065916446660919,0.012605779752693757
349.94516702835733,0.09317231234414687,0.0040088884681135995,0.012618464673987364
353.18316979195697,0.09318526527965351,0.0039526160005535,0.012631091157149521
356.45113342624427,0.09319815463795415,0.0038970904006305827,0.01264365927299701
359.74933515574236,0.0932109805883379,0.0038423030830493816,0.012656169097111678
363.0780547701014,0.09322374330297253,0.0037882455214147907,0.012668620709722151
366.43757464783334,0.09323644295682221,0.0037349092490354817,0.012681014195587271
369.8281797802663,0.09324907972756645,0.003682285859685441,0.012693349643881286
373.2501577957206,0.09326165379552008,0.003630367008324194,0.012705627148080783
376.70379898390894,0.09327416534355414,0.003579144411776281,0.01271784680585338
380.1893963205613,0.09328661455701821,0.0035286098493706383,0.01273000871894814
383.70724549227884,0.09329900162366352,0.0034787551635404607,0.012742112993087733
387.25764492161727,0.09331132673356729,0.0034295722603842984,0.012754159737862335
390.8408957924021,0.09332359007905817,0.0033810531101889944,0.012766149066625241
394.4573020752785,0.09333579185464301,0.0033331897479152452,0.012778081096390215
398.1071705534973,0.09334793225693419,0.0032859742736464728,0.012789955947730533
401.79081084894,0.09336001148457883,0.003239398853001753,0.012801773744679744
405.5085354483839,0.09337202973818853,0.0031934557175135694,0.012813534614634112
409.26065973001096,0.09338398722027055,0.0031481371649711687,0.01282523868825675
413.04750199016144,0.09339588413516002,0.003103435559730267,0.012836886099383415
416.8693834703355,0.09340772068895334,0.0030593433329899134,0.012848476984929975
420.7266283844442,0.09341949708944258,0.0030158529830372977,0.012860011484801512
424.619563946313,0.09343121354605127,0.0029729570754612905,0.01287148974180306
428.54852039743963,0.093442870269771,0.00293064824333551,0.012882911901551965
432.5138310350088,0.09345446747309931,0.0028889191873717286,0.012894278112391848
436.5158322401661,0.0934660053699788,0.0028477626760444103,0.012905588525308164
440.55486350655343,0.09347748417573712,0.0028071715456871866,0.012916843293845329
444.6312674691088,0.09348890410702815,0.0027671387005622585,0.0129280425740254
448.7453899331323,0.09350026538177442,0.0027276571129043153,0.012939186524268334
452.8975799036209,0.09351156821911036,0.002688719822943665,0.012950275305313737
457.0881896148752,0.09352281283932697,0.0026503199389259543,0.012961309080144246
461.31757456037957,0.09353399946381728,0.002612450637192803,0.012972288013910678
465.5860935229591,0.0935451283150235,0.0025751051625457536,0.012983212273859804
469.8941086052156,0.09355619961638618,0.002538276829598955,0.012994082029267658
474.2419852602448,0.09356721359229855,0.0025019590271734226,0.013004897451387417
478.6300923226385,0.09357817046807508,0.0024661452312260052,0.013015658713438034
483.05880203977284,0.09358907046996051,0.002430829039867986,0.013026365990703741
487.5284901033865,0.09359991382524951,0.002396004261405935,0.013037019460918267
492.0395356814511,0.09361070076269132,0.0023616651208497124,0.01304761930533623
496.59232145033627,0.09362143151358242,0.0023278067135373615,0.013058165711361432
501.18723362727246,0.0936321063144185,0.002294425941244737,0.013068658878493285
505.82466200311427,0.09364272541286946,0.0022615233319823367,0.013079099030939918
510.50499997540646,0.09365328908043075,0.002229106380848695,0.013089486442887863
515.2286445817567,0.0936637976377484,0.0021971953548777087,0.013099821486526917
519.9959965335162,0.09367425150272744,0.00216583285776387,0.013110104718896952
524.8074602497728,0.0936846512775064,0.0021350988002573575,0.013120337031700813
529.6634438916581,0.09369499789846321,0.0021051326881251385,0.013130519898360834
534.5643593969719,0.09370529288355439,0.002076165217527214,0.013140655764266877
539.5106225151279,0.09371553872296365,0.0020485609464945594,0.013150748638264508
544.5026528424214,0.09372573947113483,0.002022873198848631,0.013160804954241939
549.5408738576248,0.09373590160906929,0.0019999113091801884,0.013170834778969806
554.625712957911,0.09374603525305196,0.0019808188630286903,0.013180853443665312
559.7576014951104,0.09375615578727105,0.001967159839633837,0.013190883669782123
564.9369748123029,0.09376628599080528,0.0019610077212951207,0.013200958242573373
570.1642722807478,0.09377645871247361,0.0019650309467898644,0.01321112325838915
575.4399373371573,0.09378672011943265,0.0019825668280906337,0.013221441934166892
580.7644175213123,0.09379713350788371,0.0020176754625946696,0.01323199892234247
586.1381645140291,0.09380778361900632,0.0020751654262353507,0.013242905024985804
591.5616341754743,0.09381878135380743,0.002160584188171828,0.013254302151861146
597.0352865838372,0.09383026873147889,0.0022801681855784666,0.01326636832327845
602.5595860743581,0.09384242389204045,0.002440750162561394,0.01327932248479246
608.1350012787183,0.09385546591026452,0.002649624446063518,0.013293428880965198
613.7620051647946,0.09386965916807452,0.002914373988918785,0.013309000732173037
619.4410750767818,0.09388531702941431,0.003242665935255553,0.013326402972831913
625.1726927756862,0.0939028045760193,0.003642024871944332,0.013346053840748604
630.9573444801937,0.09392254019389137,0.004119594607292097,0.01336842515332423
636.7955209079162,0.09394499584632673,0.00468190014047927,0.013394041163518524
642.6877173170201,0.09397069592654919,0.005334621424359563,0.013423475952483645
648.6344335482388,0.0940002146470113,0.006082389641435758,0.013457349381905752
654.6361740672747,0.09403417198855223,0.006928615141366046,0.013496321692792744
660.6934480075957,0.09407322829629186,0.007875354110317244,0.0135410868946895
666.8067692136219,0.09411807766636203,0.008923218663499013,0.013592365136888331
672.9766562843175,0.09416944031513684,0.010071332577814026,0.013650894288935981
679.2036326171843,0.09422805415832805,0.011317332497610529,0.013717420980480717
685.4882264526614,0.09429466585002197,0.01265741230534409,0.01379269136012293
691.8309709189363,0.0943700215413256,0.014086406561394363,0.013877441830174827
698.2324040771712,0.09445485761550303,0.015597907550476457,0.01397239000053424
704.6930689671467,0.09454989164276138,0.017184409551785757,0.014078226082151351
711.2135136533288,0.09465581377509968,0.018837473466282947,0.014195604911001684
717.7942912713615,0.09477327877205734,0.020547904849378722,0.01432513875933886
724.4359600749899,0.09490289881405017,0.022305938653155083,0.014467391054467043
731.1390834834173,0.09504523722344736,0.024101424510198755,0.014622871088318569
737.9042301291007,0.09520080317658848,0.025924007118099984,0.014792029765427844
744.7319739059889,0.09537004745425151,0.02776329713850617,0.01497525640380026
751.6228940182053,0.09555335924499771,0.029609028942425994,0.015172876573673317
758.5775750291835,0.09575106398632775,0.03145120245855583,0.015385150933904199
765.5966069112561,0.09596342220333043,0.03328020726876592,0.015612275005030188
772.6805850957021,0.09619062928382943,0.035086927910710324,0.015854379802005873
779.8301105232586,0.09643281611300147,0.03686283006865652,0.016111533238076858
787.0457896950985,0.09669005047890504,0.03860002794652707,0.016383742203889908
794.3282347242813,0.09696233915300907,0.04029133361646635,0.01667095522233544
801.678063387679,0.0972496305462144,0.04193028952323933,0.016973065579267775
809.0958991783822,0.09755181784051736,0.04351118560567888,0.017289914832617045
816.5823713585922,0.09786874249883963,0.045029062680981675,0.017621296606956497
824.1381150130021,0.09820019806010127,0.046479703837815425,0.017966960586804394
831.7637711026708,0.09854593413283395,0.04785961561293957,0.01832661662934456
839.4599865193973,0.0989056605080376,0.04916600069650895,0.01869993892541833
847.2274141405964,0.09927905132015345,0.05039672383610018,0.01908657014620382
855.0667128846832,0.09966574919359053,0.05155027250047722,0.019486125521647895
862.9785477669702,0.10006536932089136,0.052625713731644645,0.019898196805200156
870.9635899560806,0.10047750342710624,0.05362264846684657,0.020322356087521174
879.0225168308842,0.10090172358306711,0.05454116445841936,0.020758159429454102
887.1560120379609,0.10133758583786708,0.055381788764919254,0.021205150291557628
895.3647655495937,0.1017846336478596,0.05614544063651467,0.02166286274383724
903.6494737223014,0.10224240108582833,0.0568333854748383,0.02213082444494961
912.0108393559096,0.10271041581961456,0.05744719041485955,0.02260855938508658
920.4495717531712,0.10318820185441939,0.05798868195549644,0.02309559039098725
928.9663867799363,0.1036752820372384,0.05845990595751764,0.023591441395108517
937.5620069258802,0.10417118032546628,0.058863090232085566,0.024095639473950138
946.237161365793,0.10467542382467379,0.0592006098608847,0.02460771666292741
954.992586021436,0.10518754460295489,0.0594749553186485,0.025127211557068114
963.8290236239706,0.1057070812911244,0.05968870341028259,0.025653670708235436
972.747223776965,0.10623358047947028,0.05984449098675648,0.026186649830599852
981.7479430199844,0.10676659792278566,0.05994499136548574,0.02672571482675539
990.8319448927675,0.10730569956607666,0.05999289335099946,0.027270442647248556
1000.0,0.10785046240371496,0.05999088272923459,0.027820421996410608
1009.2528860766844,0.10840047518492525,0.05994162609280276,0.02837525389729718
1018.5913880541169,0.10895533897841167,0.05984775684408545,0.028934552128284875
1028.0162981264734,0.10951466760867083,0.059711863217136785,0.029497943543485162
1037.5284158180127,0.11007808797615187,0.05953647815731216,0.030065068288644307
1047.1285480508996,0.11064524027292957,0.059324070898567484,0.03063557992362915
1056.8175092136585,0.1112157781049899,0.05907704008185468,0.03120914546197706
1066.596121230258,0.11178936853160397,0.05879770826341576,0.03178544533733169
1076.465213629835,0.11236569203161052,0.05848831766857232,0.032364173305912666
1086.4256236170656,0.1129444424057538,0.05815102705441174,0.03294503629348886
1096.4781961431852,0.11352532662354413,0.0577879095532448,0.033527754194652995
1106.6237839776663,0.1141080646224376,0.05740095137756743,0.03411205963153842
1116.863247780561,0.11469238906647443,0.0569920512762714,0.03469769767848442
1127.1974561755105,0.11527804507088014,0.05656302064083096,0.0352844255585477
1137.627285823431,0.1158647898985265,0.05611558416899684,0.035872012317180735
1148.1536214968828,0.11645239263357089,0.055651381002046786,0.036460238477852784
1158.7773561551262,0.11704063383704918,0.0551719662597884,0.0370488956838792
1169.4993910198712,0.117629305188686,0.054678812905228434,0.037637786330249334
1180.3206356517298,0.11821820911871217,0.054173313878073046,0.038226723188803616
1191.242008027375,0.11880715843303834,0.05365678444298629,0.038815529029704164
1202.2644346174131,0.11939597593472866,0.0531304647047969,0.03940403624177144
1213.3888504649774,0.11998449404434579,0.052595522248612525,0.0399920864539193
1224.6161992650489,0.12057255442139922,0.052053054868081636,0.040579530159611944
1235.9474334445108,0.12116000758881916,0.051504093349854764,0.04116622634598572
1247.3835142429432,0.12174671256209904,0.0509496042866597,0.04175204212902671
1258.9254117941675,0.12233253648449628,0.05039049289534001,0.04233685239596762
1270.5741052085418,0.12291735426945469,0.04982760581974415,0.04292053945586423
1282.3305826560218,0.12350104825120838,0.04926173390151336,0.04350299269913108
1294.1958414499863,0.12408350784434617,0.04869361490463566,0.04408410826665438
1306.1708881318418,0.12466462921295443,0.04812393618212926,0.044663788728958764
1318.2567385564075,0.12524431494981444,0.04755333727542641,0.04524194277577868
1330.4544179780914,0.12582247376600478,0.04698241243896646,0.045818484916275874
1342.7649611378642,0.12639902019115026,0.0464117130842047,0.04639333519004883
1355.1894123510365,0.12697387428446272,0.04584175013872034,0.0469664188889967
1367.7288255958495,0.12754696135663607,0.04527299631738796,0.047537666290029444
1380.3842646028852,0.12811821170258753,0.04470588830367863,0.04810701239855428
1393.1568029453035,0.12868756034497447,0.044140828840102106,0.04867439670261676
1406.0475241299143,0.12925494678836555,0.043578188727603814,0.049239762937531205
1419.0575216890927,0.1298203147839004,0.04301830873440801,0.04980305886079866
1432.187899273544,0.1303836121042365,0.042461501415365026,0.050364236037080894
1445.439770745928,0.13094479032855075,0.041908052843329165,0.05092324963297465
1458.814260275349,0.13150380463734124,0.0413582242544762,0.0514800582213113
1472.3125024327194,0.1320606136167531,0.040812253609776965,0.05203462359469256
1485.9356422870076,0.1326151790721394,0.04027035707508516,0.05258691058796206
1499.684835502374,0.13316746585055786,0.03973273042248293,0.053136886909305035
1513.5612484362086,0.13371744167189373,0.039199550355662284,0.053684522979664334
1527.5660582380733,0.13426507696829912,0.038670975762215405,0.05422979178015853
1541.70045294956,0.13481034473163273,0.03814714889576291,0.054772668707188395
1555.965631605075,0.13535322036858777,0.0376281964908762,0.05531313143492018
1570.3628043335532,0.13589368156319517,0.03711423081375099,0.0558511597848372
1584.893192461114,0.1364317081463949,0.03660535065156704,0.056386735602056724
1599.5580286146694,0.13696728197237132,0.03610164224343142,0.05691984263811481
1614.3585568264868,0.13750038680135582,0.0356031801557474,0.05745046643992841
1629.296032639723,0.1380310081886061,0.035110028104786306,0.057978594244652085
1644.3717232149324,0.13855913337927897,0.03462223972916376,0.05850421488015414
1659.5869074375614,0.1390847512089222,0.03413985931483949,0.059027318670846055
1674.9428760264382,0.13960785200931863,0.03366292247517143,0.05954789734860744
1690.440931643265,0.14012842751942545,0.033191456788462956,0.06006594396855801
1706.0823890031243,0.14064647080115966,0.032725482395347186,0.06058145282943716
1721.8685749860078,0.1411619761597903,0.03226501255825595,0.0610944193983607
1737.8008287493763,0.14167493906870762,0.031810054185124816,0.06160484023973369
1753.880501841762,0.1421853560983477,0.03136060831938836,0.062112712948107315
1770.108958317422,0.1426932248490601,0.030916670598225025,0.06261803608477655
1786.4875748520517,0.14319854388771636,0.030478231680916786,0.06312080911792438
1803.0177408595698,0.14370131268786432,0.03004527764909644,0.06362103236612694
1819.7008586099844,0.1442015315732426,0.029617790380566302,0.0641187069450421
1836.5383433483473,0.1446992016644785,0.029195747898284635,0.06461383471711254
1853.5316234148124,0.14519432482879965,0.028779124696031753,0.06510641824412221
1870.6821403658016,0.14568690363259876,0.028367892042186774,0.06559646074245258
1887.9913490962945,0.1461769412966976,0.027962018262967528,0.06608396604089276
1905.4607179632483,0.14666444165416462,0.027561469006411193,0.0665689385408647
1923.0917289101594,0.1471494091105473,0.027166207488301085,0.06705138317893135
1940.8858775927793,0.14763184860638706,0.026776194721176663,0.06753130539146272
1958.8446735059908,0.14811176558189135,0.026391389727497883,0.06800871108134067
1976.969640111862,0.1485891659436451,0.0260117497379727,0.0684836065865897
1995.262314968881,0.14906405603324685,0.02563723037599721,0.06895599865082677
2013.7242498623896,0.1495364425977642,0.025267785829101275,0.06942589439542864
2032.3570109362229,0.15000633276190647,0.02490336900823901,0.06989330129332072
2051.1621788255666,0.15047373400181827,0.02454393169571298,0.07035822714429635
2070.1413487910436,0.15093865412040378,0.02418942468247252,0.07082068005178048
2089.2961308540407,0.1514011012240948,0.023839797895481633,0.0712806684009561
2108.628149933291,0.15186108370098145,0.023495000515808582,0.07173820083817634
2128.1390459827135,0.15231861020022824,0.02315498108804927,0.0721932862515894
2147.8304741305333,0.15277368961270313,0.022819687621657817,0.072645933752907
2167.704104819694,0.15322633105274933,0.02248906768472198,0.0730961526602518
2187.761623949552,0.15367654384103638,0.022163068490687513,0.07354395248202121
2208.004733018899,0.1541243374884274,0.021841636978502606,0.07398934290171044
2228.435149270303,0.15456972168080524,0.021524719886624757,0.07443233376363911
2249.0546058357804,0.15501270626480185,0.02121226382130325,0.07487293505952963
2269.8648518838213,0.15545330123437995,0.020904215319524393,0.07531115691588867
2290.8676527677726,0.15589151671821705,0.020600520906981508,0.07574700958214486
2312.064790175594,0.15632736296784572,0.02030112715140834,0.07618050341949961
2333.458062281002,0.15676085034650683,0.020005980711592562,0.07661164889044944
2355.049283896009,0.15719198931867462,0.019715028382365513,0.0770404565489412
2376.840286624876,0.1576207904402137,0.01942821713584483,0.07746693703112331
2398.83291901949,0.15804726434913288,0.01914549415918869,0.0778911010466584
2421.0290467361774,0.15847142175689957,0.018866806889103332,0.07831295937056507
2443.430552693971,0.1588932734402836,0.018592103043329557,0.07873252283555736
2466.0393372343387,0.15931283023369866,0.018321330649319074,0.07914980232485361
2488.85731828239,0.15973010302201276,0.01805443807029775,0.07956480876542674
2511.88643150958,0.16014510273380053,0.01779137402889932,0.07997755312167067
2535.128630497907,0.16055784033501094,0.017532087628541537,0.08038804638945818
2558.585886905645,0.16096832682302706,0.017276528372704682,0.08079629959056758
2582.260190634596,0.16137657322109386,0.017024646182262078,0.08120232376745637
2606.153549998895,0.16178259057309355,0.01677639141100215,0.08160612997836164
2630.2679918953813,0.16218638993864748,0.016531714859471965,0.08200772929270826
2654.605561975539,0.16258798238852526,0.016290567787263902,0.08240713278680632
2679.1683248190316,0.1629873790003438,0.016052901923858574,0.08280435153982121
2703.9583641088434,0.16338459085453838,0.015818669478129502,0.0831993966300001
2728.9777828080405,0.16377962903059054,0.015587823146608133,0.08359227913113992
2754.2287033381663,0.1641725046034969,0.015360316120600903,0.08398301010928222
2779.7132677592886,0.16456322864046516,0.015136102092243893,0.08437160061962205
2805.433637951713,0.16495181219782412,0.014915135259574826,0.0847580617036178
2831.391995799379,0.1653382663181345,0.014697370330696643,0.08514240438629023
2857.5905433749467,0.16572260202748865,0.014482762527102015,0.08552463967369967
2884.031503126606,0.1661048303329891,0.014271267586223055,0.08590477855059066
2910.717118066605,0.1664849622203935,0.014062841763266457,0.08628283197819414
2937.6496519615307,0.1668630086519183,0.013857441832389914,0.08665881089217793
2964.8313895243423,0.1672389805641895,0.013655025087271922,0.08703272620073652
2992.264636608189,0.16761288886633355,0.013455549341123349,0.08740458878281218
3019.9517204020162,0.167984744438199,0.013258972926186026,0.08777440948643926
3047.8949896279833,0.1683545581287016,0.01306525469276022,0.08814219912720457
3076.096814740708,0.16872234075428544,0.012874354007800109,0.08850796848681677
3104.5595881283557,0.16908810309749295,0.012686230753113606,0.0888717283117785
3133.2857243155854,0.1694518559056376,0.012500845323200269,0.08923348931215468
3162.2776601683795,0.1698136098895731,0.012318158622758767,0.08959326216043181
3191.5378551007616,0.1701733757225529,0.012138132063893107,0.08995105749046232
3221.0687912834346,0.17053116403917534,0.011960727563044709,0.09030688589648904
3250.872973854344,0.17088698543440875,0.011785907537675642,0.09066075793224514
3280.9529311311903,0.1712408504626918,0.011613634902726393,0.09101268411012477
3311.311214825911,0.17159276963710487,0.011443873066869902,0.0913626749004203
3341.950400261143,0.17194275342860738,0.01127658592858214,0.09171074073062203
3372.873086588689,0.17229081226533835,0.011111737872047906,0.09205689198477668
3404.081897010009,0.17263695653197547,0.010949293762919246,0.09240113900290106
3435.5794789987463,0.17298119656914873,0.01078921894394265,0.09274349208044769
3467.368504525317,0.17332354267290692,0.01063147923046996,0.09308396146781897
3499.451670283573,0.17366400509423213,0.010476040905866858,0.09342255736992724
3531.83169791957,0.17400259403860016,0.010322870716831712,0.09375928994579776
3564.5113342624427,0.17433931966558386,0.010171935868636786,0.09409416930821195
3597.4933515574235,0.17467419208849705,0.010023204020302668,0.0944272055233886
3630.780547701014,0.17500722137407568,0.009876643279716223,0.09475840861070059
3664.3757464783334,0.17533841754219529,0.00973222219870135,0.09508778854242499
3698.281797802663,0.17566779056562118,0.009589909768051364,0.09541535524352442
3732.5015779572063,0.1759953503697905,0.009449675412530901,0.09574111859145783
3767.0379898390893,0.17632110683262284,0.009311488985854833,0.09606508841601882
3801.8939632056126,0.1766450697843594,0.009175320765650983,0.09638727449919975
3837.0724549227884,0.17696724900742708,0.009041141448412957,0.09670768657508014
3872.576449216173,0.17728765423632736,0.00890892214444881,0.09702633432973776
3908.4089579240213,0.1776062951575476,0.008778634372830997,0.09734322740118098
3944.573020752785,0.17792318140949376,0.008650250056352336,0.09765837537930114
3981.0717055349733,0.17823832258244293,0.00852374151649262,0.09797178780584342
4017.9081084894,0.1785517282185146,0.00839908146839989,0.09828347417439544
4055.085354483839,0.1788634078116595,0.008276243015890193,0.09859344393039202
4092.6065973001096,0.17917337080766477,0.008155199646469229,0.09890170647113539
4130.475019901614,0.179481626604174,0.008035925226379043,0.09920827114582971
4168.693834703355,0.17978818455072243,0.007918393995672625,0.099513147255629
4207.266283844442,0.180093053948785,0.007802580563319014,0.09981634405369748
4246.19563946313,0.1803962440518368,0.007688459902341277,0.10011787074528182
4285.485203974396,0.18069776406542576,0.007576007344989463,0.10041773648779419
4325.138310350088,0.18099762314725576,0.007465198577950525,0.10071595039090547
4365.158322401661,0.18129583040728006,0.007356009637596864,0.10101252151664818
4405.548635065535,0.18159239490780452,0.007248416905275138,0.10130745887952801
4446.312674691088,0.1818873256635994,0.007142397102636639,0.10160077144664391
4487.453899331323,0.18218063164201956,0.00703792728701054,0.10189246813781559
4528.975799036209,0.1824723217631321,0.006934984846821096,0.10218255782571851
4570.881896148751,0.18276240489985165,0.006833547497049712,0.10247104933602519
4613.175745603796,0.18305088987808182,0.006733593274742772,0.10275795144755295
4655.860935229591,0.1833377854768632,0.006635100534565945,0.10304327289241734
4698.941086052156,0.1836231004285269,0.006538047944405534,0.10332702235619083
4742.419852602448,0.1839068434188533,0.006442414481017495,0.10360920847806658
4786.300923226385,0.18418902308723636,0.00634817942572446,0.10388983985102652
4830.5880203977285,0.18446964802685137,0.006255322360161151,0.10416892502201396
4875.284901033865,0.1847487267848282,0.006163823162068515,0.10444647249210981
4920.395356814511,0.18502626786242732,0.00607366200113667,0.10472249071671261
4965.923214503363,0.18530227971522026,0.00598481933489691,0.1049969881057217
5011.872336272725,0.1855767707532727,0.005897275904662801,0.10526997302372346
5058.246620031143,0.18584974934133092,0.005811012731520374,0.10554145379018036
5105.049999754065,0.18612122379901122,0.0057260111123674465,0.10581143867962252
5152.286445817567,0.18639120240099133,0.005642252616001937,0.10607993592184149
5199.959965335162,0.18665969337720445,0.0055597190792591195,0.10634695370208636
5248.074602497728,0.18692670491303542,0.005478392603197588,0.1066125001612614
5296.634438916581,0.18719224514951885,0.005398255549333828,0.10687658339612585
5345.643593969719,0.1874563221835384,0.005319290535925128,0.10713921145949483
5395.1062251512785,0.18771894406802833,0.0052414804343005475,0.10740039236044192
5445.026528424214,0.18798011881217608,0.005164808365239728,0.10766013406450288
5495.408738576249,0.18823985438162605,0.005089257695399218,0.10791844449388033
5546.25712957911,0.18849815869868441,0.005014812033785949,0.10817533152764951
5597.576014951104,0.1887550396425251,0.00494145522827759,0.10843080300196481
5649.369748123028,0.18901050504939618,0.0048691713621893395,0.108684866710267
5701.642722807478,0.18926456271282757,0.0047979447508868225,0.10893753040349102
5754.399373371572,0.18951722038383859,0.004727759938444705,0.10918880179027422
5807.644175213124,0.18976848577114655,0.004658601694350559,0.1094386885371651
5861.381645140291,0.19001836654137544,0.004590455010253634,0.10968719826883214
5915.616341754743,0.19026687031926504,0.004523305096758042,0.10993433856827307
5970.352865838372,0.19051400468787996,0.004457137380259949,0.11018011697702408
6025.5958607435805,0.1907597771888195,0.004391937499828336,0.1104245409953691
6081.350012787182,0.19100419532242638,0.00432769130412883,0.11066761808254914
6137.620051647946,0.19124726654799662,0.004264384848390197,0.11090935565697144
6194.410750767818,0.19148899828398872,0.00420200439141301,0.11114976109641854
6251.726927756862,0.1917293979082326,0.004140536392620001,0.1113888417382571
6309.573444801937,0.19196847275813872,0.004079967509147687,0.11162660487964643
6367.955209079162,0.1922062301309067,0.0040202845929787154,0.11186305777774677
6426.877173170201,0.19244267728373354,0.003961474688114532,0.11209820764992715
6486.3443354823885,0.19267782143402162,0.003903525027787834,0.11233206167397285
6546.3617406727535,0.19291166975958635,0.003846423031714366,0.11256462698829243
6606.9344800759645,0.19314422939886317,0.0037901563033835633,0.1127959106921243
6668.067692136226,0.1933755074511141,0.003734712627387582,0.11302591984574262
6729.766562843182,0.19360551097663403,0.0036800799667882117,0.11325466147066288
6792.03632617185,0.19383424699695603,0.0036262464605212323,0.11348214254984669
6854.88226452662,0.1940617224950564,0.0035732004208377105,0.113708370027906
6918.309709189362,0.194287944415559,0.003520930330781783,0.11393335081130677
6982.324040771711,0.19451291966493878,0.003469424841704419,0.11415709176857196
7046.930689671467,0.194736655111725,0.003418672770812798,0.11437959973048355
7112.1351365332885,0.19495915758670337,0.0033686630987546855,0.11460088149028427
7177.942912713615,0.1951804338831178,0.003319384967237477,0.11482094380387838
7244.359600749898,0.195400490756871,0.003270827676681381,0.11503979339003159
7311.390834834172,0.1956193349267249,0.003222980683906317,0.1152574369305705
7379.042301291008,0.19583697307449965,0.003175833599852064,0.11547388107058101
7447.319739059889,0.19605341184527272,0.00312937618733122,0.11568913241860601
7516.228940182053,0.19626865784757602,0.0030835983588145236,0.11590319754684231
7585.775750291836,0.19648271765359324,0.003038490174248096,0.1161160829913367
7655.966069112562,0.19669559779935586,0.002994041838902183,0.11632779525218116
7726.805850957021,0.19690730478493845,0.002950243701250951,0.1165383407937073
7798.3011052325855,0.19711784507465321,0.0029070862508829153,0.11674772604467984
7870.457896950985,0.19732722509724338,0.0028645601164415764,0.11695595739848934
7943.282347242814,0.19753545124607605,0.0028226560635958562,0.11716304121334398
8016.78063387679,0.19774252987933416,0.002781364993039904,0.11736898381246053
8090.958991783821,0.19794846732020735,0.002740677938521881,0.11757379148425437
8165.823713585923,0.19815326985708195,0.002700586064901306,0.11777747048252869
8241.38115013002,0.19835694374373045,0.0026610806662345685,0.11798002702666278
8317.63771102671,0.19855949519949975,0.0026221531638882124,0.11818146730179939
8394.599865193974,0.1987609304094984,0.002583795104679608,0.11838179745903121
8472.274141405964,0.19896125552478355,0.0025459981590446046,0.11858102361558656
8550.667128846831,0.19916047666254605,0.0025087541192318125,0.1187791518550139
8629.785477669702,0.19935859990629565,0.0024720548975231092,0.1189761882273658
8709.635899560806,0.19955563130604456,0.0024358925244800248,0.11917213874938172
8790.225168308842,0.1997515768784906,0.0024002591472156182,0.11936700940466993
8871.560120379609,0.19994644260719874,0.0023651470276914812,0.1195608061438887
8953.647655495937,0.20014023444278276,0.0023305485410395443,0.11975353488492632
9036.494737223014,0.20033295830308503,0.0022964561739082802,0.11994520151308047
9120.108393559096,0.20052462007335625,0.0022628625228330044,0.12013581188123638
9204.495717531712,0.20071522560643304,0.0022297602926298872,0.12032537181004443
9289.663867799363,0.20090478072291623,0.002197142294813381,0.12051388708809657
9375.620069258803,0.20109329121134695,0.0021650014460366804,0.12070136347210192
9462.37161365793,0.2012807628283824,0.0021333307665549264,0.1208878066870615
9549.92586021436,0.2014672012989704,0.002102123378710795,0.12107322242644203
9638.290236239705,0.20165261231652357,0.0020713725054421744,0.12125761635234879
9727.47223776965,0.20183700154309192,0.002041071468811591,0.12144099409569764
9817.479430199845,0.20202037460953517,0.00201121368855709,0.12162336125638612
9908.319448927676,0.20220273711569353,0.0019817926806642455,0.12180472340346359
