t,AGB+OB,AGB+OB_rate
100000.0,0.0,4.8106299999999995e-09
131519.63252525253,0.00015162928981495556,4.8106299999999995e-09
163039.26505050506,0.0003032585796299111,4.8106299999999995e-09
194558.89757575758,0.00045488786944486664,4.8106299999999995e-09
226078.5301010101,0.0006065171592598222,4.8106299999999995e-09
257598.16262626264,0.0007581464490747778,4.8106299999999995e-09
289117.79515151517,0.0009097757388897334,4.8106299999999995e-09
320637.4276767677,0.0010614050287046889,4.8106299999999995e-09
352157.0602020202,0.0012130343185196445,4.8106299999999995e-09
383676.69272727275,0.0013646636083346,4.8106299999999995e-09
415196.3252525253,0.0015162928981495556,4.8106299999999995e-09
446715.9577777778,0.0016679221879645112,4.8106299999999995e-09
478235.59030303033,0.0018195514777794668,4.8106299999999995e-09
509755.22282828286,0.0019711807675944224,4.8106299999999995e-09
541274.8553535354,0.0021228100574093777,4.8106299999999995e-09
572794.4878787879,0.002274439347224333,4.8106299999999995e-09
604314.1204040404,0.0024260686370392885,4.8106299999999995e-09
635833.752929293,0.002577697926854244,4.8106299999999995e-09
667353.3854545455,0.0027293272166691992,4.8106299999999995e-09
698873.017979798,0.0028809565064841546,4.8106299999999995e-09
730392.6505050506,0.00303258579629911,4.8106299999999995e-09
761912.2830303031,0.0031842150861140653,4.8106299999999995e-09
793431.9155555556,0.0033358443759290207,4.8106299999999995e-09
824951.5480808081,0.003487473665743976,4.8106299999999995e-09
856471.1806060607,0.0036391029555589314,4.8106299999999995e-09
887990.8131313132,0.003790732245373887,4.8106299999999995e-09
919510.4456565657,0.003942361535188842,4.8106299999999995e-09
951030.0781818182,0.0040939908250037975,4.8106299999999995e-09
982549.7107070708,0.004245620114818753,4.8106299999999995e-09
1014069.3432323233,0.004398800948463162,4.909079360296972e-09
1045588.9757575758,0.004557044419401598,5.131867075969793e-09
1077108.6082828282,0.00472235803685336,5.357697947944655e-09
1108628.2408080809,0.004894836942757818,5.586522659086369e-09
1140147.8733333335,0.00507457475908313,5.818294080532118e-09
1171667.505858586,0.005261663654351992,6.052967116372585e-09
1203187.1383838383,0.005456194405507145,6.2904985632670825e-09
1234706.770909091,0.005658256455559119,6.530846983200624e-09
1266226.4034343436,0.005867937967406214,6.773972587846372e-09
1297746.035959596,0.0060853258741717,7.019837133210667e-09
1329265.6684848485,0.006310505926364286,7.2684038234172125e-09
1360785.301010101,0.0065435627361342995,7.519637222638448e-09
1392304.9335353537,0.006784579818868762,7.773503174310382e-09
1423824.5660606062,0.007033639632343041,8.029968726876393e-09
1455344.1985858586,0.0072908236136244595,8.289002065398633e-09
1486863.8311111112,0.007556212213903609,8.550572448455695e-09
1518383.4636363639,0.007829884931411945,8.81465014981392e-09
1549903.0961616163,0.008111920342568973,9.081206404419163e-09
1581422.7286868687,0.008402396131488877,9.350213358307092e-09
1612942.3612121213,0.008701389117964451,9.621644022075046e-09
1644461.993737374,0.009008975284035603,9.895472227597076e-09
1675981.6262626264,0.009325229799240168,1.0171672587698104e-08
1707501.2587878788,0.009650227044636295,1.045022045853273e-08
1739020.8913131314,0.00998404063567805,1.0731091904440499e-08
1770540.523838384,0.010326743444019052,1.101426366507249e-08
1802060.1563636365,0.010678407618312865,1.1299713124604452e-08
1833579.788888889,0.011039104604073239,1.1587418282869674e-08
1865099.4214141415,0.011408905162652336,1.1877357728260835e-08
1896619.0539393942,0.011787879389390578,1.2169510612264238e-08
1928138.6864646466,0.012176096730987577,1.2463856625502485e-08
1959658.318989899,0.012573626002139968,1.2760375975172942e-08
1991177.9515151517,0.012980535401488457,1.3059049363779457e-08
2022697.5840404043,0.013396892526913418,1.3359857969063815e-08
2054217.2165656567,0.013822764390215512,1.3662783425051526e-08
2085736.8490909091,0.014258217431215206,1.3967807804133896e-08
2117256.4816161618,0.01470331753130271,1.427491360011485e-08
2148776.1141414144,0.01515813002646774,1.4584083712156859e-08
2180295.746666667,0.015622719719836487,1.4895301429565886e-08
2211815.379191919,0.016097150893741353,1.5208550417359794e-08
2243335.011717172,0.016581487321347385,1.5523814702569454e-08
2274854.6442424245,0.017075792277857656,1.5841078661225293e-08
2306374.2767676767,0.01758012855131867,1.6160327005986166e-08
2337893.9092929293,0.018094558453045296,1.648154477437033e-08
2369413.541818182,0.018619143827683607,1.6804717317551553e-08
2400933.1743434346,0.019153946062929014,1.7129830289685927e-08
2432452.8068686873,0.019699026098915804,1.7456869637737743e-08
2463972.4393939395,0.020254444437293385,1.7785821591774748e-08
2495492.071919192,0.020820261150003672,1.8116672655705556e-08
2527011.7044444447,0.021396535887772985,1.8449409598433515e-08
2558531.336969697,0.02198332788833138,1.87840194454035e-08
2590050.9694949496,0.02258069598437141,1.912048947051952e-08
2621570.602020202,0.023188698611257528,1.9458807188412395e-08
2653090.234545455,0.02380739381449713,1.9798960347038502e-08
2684609.8670707075,0.02443683925698315,2.014093692059153e-08
2716129.4995959597,0.025077092226017932,2.0484725102710437e-08
2747649.1321212123,0.025728209640127498,2.0830313299968105e-08
2779168.764646465,0.026390248055674633,2.117769012562573e-08
2810688.397171717,0.027063263673279225,2.152684439363945e-08
2842208.02969697,0.027747312344053428,2.18777651129062e-08
2873727.6622222224,0.028442449575658963,2.223044148173664e-08
2905247.294747475,0.0291487305381937,2.2584862882543883e-08
2936766.9272727277,0.029866210069914023,2.2941018876737323e-08
2968286.55979798,0.030594942682799314,2.329889919981145e-08
2999806.1923232325,0.031334982567964624,2.3658493756620363e-08
3031325.824848485,0.03208638360092706,2.401979261682888e-08
3062845.4573737374,0.032849199346731583,2.4382786010532e-08
3094365.08989899,0.033623483064941194,2.4747464324034858e-08
3125884.7224242426,0.034409287714496486,2.5113818095785534e-08
3157404.3549494953,0.03520666595844937,2.5481838012453863e-08
3188923.987474748,0.03601567016857535,2.585151490514956e-08
3220443.62,0.03683635242986872,2.622283974577325e-08
3226399.8981420924,0.036992752480500685,2.629319355586264e-08
3232473.2442950285,0.0371526581698059,2.6364990344261555e-08
3238558.0228601387,0.037313302328161754,2.643698318259299e-08
3244654.255357705,0.037474688365932166,2.650917260619548e-08
3250761.963348501,0.03763681970923013,2.6581559151869124e-08
3256881.168433891,0.037799699799991114,2.66541433578799e-08
3263011.892255904,0.03796333209604602,2.6726925763963607e-08
3269154.1564972983,0.03812772007119429,2.6799906911329738e-08
3275307.982881669,0.0382928672152785,2.6873087342665908e-08
3281473.393173484,0.03845877703425731,2.6946467602141344e-08
3287650.409178186,0.038625453050280596,2.7020048235411273e-08
3293839.052742265,0.03879289880176408,2.7093829789620905e-08
3300039.3457533275,0.038961117843464246,2.7167812813409434e-08
3306251.3101402004,0.03913011374655452,2.724199785691438e-08
3312474.9678729707,0.039299890098700045,2.7316385471775284e-08
3318710.340963087,0.039470450504134495,2.7390976211138056e-08
3324957.4514634325,0.03964179858373646,2.7465770629659056e-08
3331216.321468404,0.03981393797510636,2.7540769283509204e-08
3337486.9731139783,0.03998687233264331,2.7615972730377996e-08
3343769.428577825,0.04016060532762368,2.769138152947806e-08
3350063.710079338,0.04033514064827773,2.776699624154876e-08
3356369.839879744,0.04051048199986873,2.7842817428860693e-08
3362687.840282175,0.040686633104771455,2.7918845655219822e-08
3369017.733631739,0.04086359770255096,2.7995081485971574e-08
3375359.5423156247,0.04104137955004275,2.8071525488005346e-08
3381713.288763145,0.04121998242143144,2.8148178229758265e-08
3388952.87298926,0.04142407996594943,2.823559689969007e-08
3398151.8032001667,0.041684328708291,2.8346796134016345e-08
3407375.7028692425,0.0419463115767814,2.845843330028208e-08
3416624.6397732724,0.042210040126494944,2.8570510123178953e-08
3425898.681873006,0.04247552598950112,2.8683028334190852e-08
3435197.897313663,0.04274278087537784,2.8795989671620668e-08
3444522.3544254387,0.04301181657172801,2.8909395880617236e-08
3453872.1217240007,0.04328264494469926,2.9023248713202206e-08
3463247.2679110025,0.043555277939507676,2.9137549928297276e-08
3472647.861874559,0.04382972758096375,2.9252301291750936e-08
3482073.972689796,0.04410600597400402,2.9367504576366358e-08
3491525.669619329,0.04438412530422417,2.94831615619284e-08
3501003.0221137768,0.04466304376787887,2.937683416326923e-08
3510506.099812277,0.04494098996301631,2.911920342701688e-08
3520034.9725429933,0.04521724644748175,2.886383239944078e-08
3529589.7103236374,0.04549182349657393,2.8610701260377234e-08
3539170.3833619547,0.04576473132311425,2.8359790363508123e-08
3548777.062056283,0.04603598007782788,2.8111080234834834e-08
3558409.8169960417,0.04630557984972057,2.7864551571167628e-08
3568068.7189622563,0.04657354066645408,2.762018523862723e-08
3577753.838928081,0.04683987249471929,2.737796227115984e-08
3587465.248059317,0.04710458524060682,2.7137863869065075e-08
3597203.017714938,0.04736768874997562,2.6899871397536873e-08
3606967.219447621,0.04762919280881938,2.6663966385216974e-08
3616757.9250042415,0.047889107143629726,2.6430130522762137e-08
3626575.2063264474,0.0481474414217593,2.6198345661421838e-08
3636419.135551154,0.04840420525178044,2.596859381163061e-08
3646289.785011089,0.04865940818384301,2.5740857141611375e-08
3656187.227235313,0.048913059710029384,2.5515117975991753e-08
3666111.534949772,0.049165169264707986,2.529135879443181e-08
3676062.781077792,0.049415746224883254,2.506956223026509e-08
3686041.0387406647,0.04966479991054572,2.4849711069149634e-08
3696046.381258154,0.049912339585017874,2.4631788247732593e-08
3706078.8821490416,0.05015837445529898,2.4415776852325732e-08
3716138.615131668,0.0504029136724075,2.4201660117592788e-08
3726225.654124474,0.050645966331721574,2.3989421425248063e-08
3736340.073246551,0.050887541473317435,2.37790443027667e-08
3746481.9468181552,0.051127648082305015,2.357051242210665e-08
3756651.3493613,0.05136629508916328,2.3363809598440522e-08
3766848.355600272,0.051603491370071634,2.3158919788900096e-08
3777073.040462191,0.05183924574724041,2.2955827091330912e-08
3787325.4790775534,0.052073566989238776,2.2754515743058222e-08
3797605.7467807946,0.05230646381132128,2.255497011966341e-08
3807913.9191108393,0.05253794487575185,2.2357174733771347e-08
3818250.0718116337,0.05276801879212555,2.2161114233848845e-08
3828614.280832745,0.05299669411768983,2.1966773403012355e-08
3839006.62232989,0.053223979357662085,2.1774137157847463e-08
3849427.172665499,0.053449882965546265,2.158319054723817e-08
3859876.008409284,0.05367441334344734,2.139391875120635e-08
3870353.206338791,0.05389757884238371,2.12063070797617e-08
3880858.843439983,0.05411938776259824,2.1020340971761267e-08
3891392.996907768,0.05433984835386617,2.0836005993780003e-08
3901955.7441466106,0.05455896881580298,2.0653287838989696e-08
3912547.1627710783,0.05477675729816888,2.0472172326049075e-08
3923167.3306064126,0.054993221901172,2.0292645398003025e-08
3933816.325689102,0.05520837067576974,2.0114693121191595e-08
3944494.2262674575,0.05542221162396825,1.993830168416859e-08
3955201.110802185,0.055634752699120084,1.9763457396629573e-08
3965937.0579669727,0.05584600180622024,1.959014668834919e-08
3976702.146649034,0.05605596680219951,1.9418356108128497e-08
3987496.45594974,0.05626465549621776,1.9248072322750143e-08
3998320.06518516,0.05647207564995369,1.9079282115944125e-08
4009173.0538866622,0.05667823497789383,1.8911972387361804e-08
4020055.501801493,0.056883141147619415,1.874613015155923e-08
4030967.488893372,0.05708680178009178,1.8581742536989138e-08
4041909.095343044,0.05728922444993521,1.8418796785002467e-08
4052880.401548923,0.05749041668571965,1.8257280248857316e-08
4063881.488127647,0.05769038597024015,1.809718039273796e-08
4074912.435914678,0.05788913974079532,1.7938484790781728e-08
4085973.325964896,0.058086685389463974,1.7781181126114647e-08
4097064.239553197,0.05828303026338016,1.7625257189895396e-08
4108185.258175096,0.058478181665006554,1.7470700880367742e-08
4120856.9271189375,0.058698462463932045,1.7296747654113002e-08
4136600.013953411,0.058969090223784854,1.7083772849680375e-08
4152403.244779153,0.059237406910403946,1.6873421040322415e-08
4168266.849366864,0.05950343226970887,1.6665659921263665e-08
4184191.058364987,0.05976718587894666,1.646045758559468e-08
4200176.103303182,0.06002868714813492,1.625778251937034e-08
4216222.216595606,0.06028795532148894,1.605760359677122e-08
4232329.63154429,0.060545009478838153,1.585989007532343e-08
4248498.582342623,0.06079986853703195,1.566461159117625e-08
4264729.30407862,0.06105255125132984,1.5471738154440616e-08
4281022.032738484,0.06130307621678418,1.5281240144581758e-08
4297377.005209897,0.06155146186960658,1.5093088305871866e-08
4313794.459285593,0.06179772648852699,1.490725374289558e-08
4330274.633666722,0.062041888196137505,1.4723707916113536e-08
4346817.767966364,0.062283964960226965,1.4542422637478888e-08
4363424.102712998,0.06252397459510327,1.4363370066108438e-08
4380093.879354012,0.06276193476290463,1.4186522704006944e-08
4396827.3402592,0.06299786297489948,1.4011853391844154e-08
4413624.728724293,0.06323177659277542,1.383933530478378e-08
4430486.2889744975,0.06346369282991705,1.3668941948363887e-08
4447412.266168041,0.06369362875267295,1.3500647154428022e-08
4464402.906399741,0.0639216012816118,1.3334425077106424e-08
4481458.456704582,0.06414762719276777,1.3170250188846709e-08
4498579.165061305,0.0643717231188753,1.3008097276493584e-08
4515765.280396017,0.06459390555059333,1.284794143741661e-08
4533017.052585809,0.06481419083771903,1.268975807568584e-08
4550334.732462382,0.06503259519039116,1.2533522898294544e-08
4567718.571815709,0.06524913468028329,1.2379211911428308e-08
4585168.823397679,0.06546382524178657,1.2226801416780294e-08
4602685.740925786,0.06567668267318266,1.2076268007911673e-08
4620269.579086809,0.06588772263780648,1.1927588566657055e-08
4637920.593540518,0.06609696066519902,1.1780740259574093e-08
4655639.040923391,0.06630441215225044,1.1635700534436817e-08
4673425.178852344,0.06651009236433324,1.1492447116772222e-08
4691279.265928483,0.06671401643642591,1.1350958006439408e-08
4709201.561740852,0.06691619937422678,1.1211211474250966e-08
4727192.32687022,0.0671166560552586,1.1073186058635871e-08
4745251.8228928605,0.06731540122996346,1.0936860562343561e-08
4763380.31238436,0.0675124495227885,1.0802214049188537e-08
4781578.058923432,0.06770781543326228,1.0669225840835113e-08
4799845.327095752,0.067901513337062,1.053787551362174e-08
4818182.382497804,0.06809355748707155,1.04081428954244e-08
4836589.491740742,0.06828396201443054,1.0280008062558741e-08
4855066.922454264,0.06847274092957442,1.0153451336720251e-08
4873614.943290507,0.06865990812326563,1.0028453281962165e-08
4892233.823927951,0.06884547736761597,9.904994701710623e-09
4910923.83507534,0.06902946231710035,9.783056635816504e-09
4929685.248475618,0.06921187650956163,9.66262035764368e-09
4948518.336909881,0.06939273336720718,9.543667371193008e-09
4967423.3742013415,0.06957204619759662,9.426179408261882e-09
4986400.635219311,0.0697498281946214,9.310138425638623e-09
5005450.395883198,0.06992609243947584,9.195526602331544e-09
5024572.933166513,0.0701008519016199,9.082326336832068e-09
5043768.5251009045,0.07027411943973376,8.97052024441158e-09
5063037.450780196,0.07044590780266427,8.860091154451575e-09
5082379.990364445,0.07061622963036324,8.751022107806655e-09
5101796.425084017,0.07078509745481773,8.64329635420007e-09
5121953.141855325,0.07095820926260425,8.533291455273533e-09
5144795.665003968,0.07115173253168927,8.410832258704627e-09
5167740.059616366,0.07134332928095038,8.290131309764155e-09
5190786.780011626,0.07153301870879367,8.171163363841679e-09
5213936.282535019,0.07172081982239595,8.053903538784311e-09
5237189.025566991,0.07190675143960976,7.938327309692767e-09
5260545.469532242,0.07209083219084955,7.824410503791944e-09
5284006.076908817,0.07227308052095895,7.712129295375319e-09
5307571.312237315,0.0724535146910599,7.601460200821533e-09
5331241.642130051,0.07263215278038279,7.492380073682995e-09
5355017.535280317,0.0728090126880788,7.384866099844676e-09
5378899.462471616,0.07298411213501357,7.2788957927527655e-09
5402887.896587049,0.07315746866554403,7.174446988711296e-09
5426983.312618638,0.07332909964927653,7.071497842246784e-09
5451186.187676744,0.07349902228280798,6.970026821539234e-09
5475497.000999503,0.07366725359144949,6.870012703918727e-09
5499916.233962343,0.07383381043093297,6.7714345714266714e-09
5524444.370087457,0.0739987094891003,6.674271806440981e-09
5549081.895053452,0.07416196728757647,6.578504087363631e-09
5573829.296704916,0.07432360018342529,6.484111384370583e-09
5598687.065062107,0.07448362437078904,6.391073955222444e-09
5623655.692330604,0.07464205588251137,6.299372341135537e-09
5648735.672911122,0.07479891059174468,6.208987362711891e-09
5673927.503409263,0.07495420421354095,6.119900115927975e-09
5699231.682645362,0.07510795230642692,6.0320919681808726e-09
5724648.711664326,0.07526017027396333,5.945544554391428e-09
5750179.093745618,0.07541087336628922,5.860239773162951e-09
5775823.334413183,0.07556007668165025,5.776159782995456e-09
5801581.941445463,0.07570779516791205,5.693286998554087e-09
5827455.424885469,0.07585404362405851,5.611604086991089e-09
5853444.297050827,0.07599883670167487,5.5310939643208086e-09
5879549.072543998,0.07614218890641665,5.451739791846347e-09
5905770.268262419,0.07628411459946328,5.373524972637891e-09
5932108.403408761,0.07642462799895768,5.296433148061391e-09
5958563.999501161,0.07656374318143104,5.220448194357303e-09
5985137.580383624,0.07670147408321418,5.1455542192680776e-09
6011829.672236343,0.07683783450183405,5.07173555871445e-09
6038640.803586134,0.07697283809739679,4.998976773519245e-09
6065571.505316911,0.07710649839395686,4.927262646178252e-09
6092622.310680148,0.07723882878087238,4.856578177677616e-09
6119793.7553055165,0.07736984251414741,4.7869085843565744e-09
6157651.602274192,0.07754926810717427,4.692003049224966e-09
6200997.720155687,0.07775035818578181,4.5863401305405394e-09
6244648.968313598,0.07794830347856169,4.483058850390739e-09
6288607.494679252,0.07814315325956535,4.382105526725379e-09
6332875.462304141,0.0783349560314549,4.283427687485744e-09
6377455.049466312,0.07852375953758368,4.186974043331538e-09
6422348.449777561,0.078709610773888,4.092694460982416e-09
6467557.872291379,0.0788925560005925,4.0005399371604425e-09
6513085.541611657,0.07907264075373246,3.9104625731198505e-09
6558933.698002105,0.0792499098564953,3.8224155497510215e-09
6605104.597496565,0.079424407430385,3.73635310324537e-09
6651600.512009974,0.07959617690621126,3.652230501309001e-09
6698423.729450161,0.07976526103490685,3.570004019912379e-09
6745576.553830436,0.07993170189817542,3.4896309205640806e-09
6793061.305382973,0.08009554091897275,3.4110694280967852e-09
6840880.320672926,0.0802568188718236,3.3342787089540587e-09
6889035.952713487,0.08041557589297745,3.2592188499663556e-09
6937530.571081614,0.08057185149040484,3.185850837605612e-09
6986366.562034646,0.08072568455363734,3.114136537707338e-09
7035546.328627731,0.08087711336345345,3.044038675649776e-09
7085072.29083202,0.08102617560141268,2.9755208169799107e-09
7134946.885653835,0.0811729083592407,2.9085473484759808e-09
7185172.567254518,0.08131734814806718,2.843083459637031e-09
7235751.807071215,0.08145953090751913,2.779095124589598e-09
7286687.093938488,0.08159949201467187,2.7165490844022223e-09
7337980.934210787,0.08173726629285982,2.6554128297985997e-09
7389635.851885731,0.08187288802034923,2.5956545842604417e-09
7441654.388728391,0.0820063909388754,2.5372432875110232e-09
7494039.104396298,0.08213780826204595,2.480148579371215e-09
7546792.576565431,0.08226717268361261,2.424340783979246e-09
7599917.401056993,0.08239451638561338,2.3697908943662977e-09
7653416.191965231,0.08251987104638751,2.316470557379577e-09
7707291.58178601,0.0826432678484647,2.2643520589453935e-09
7761546.221546365,0.08276473748633074,2.2134083096643155e-09
7816182.780934942,0.08288431017407188,2.1636128307310417e-09
7871203.948433391,0.08300201565289916,2.1149397401716096e-09
7926612.431448583,0.08311788319855502,2.0673637393909e-09
7982410.956445938,0.08323194162860419,2.0208601000232086e-09
8038602.269083511,0.08334421930961004,1.9754046510793564e-09
8095189.134347122,0.08345474416419886,1.9309737663834225e-09
8152174.336686406,0.08356354367801334,1.887544352292675e-09
8209560.680151844,0.08367064490655736,1.8450938356942795e-09
8267350.988532676,0.0837760744819333,1.8036001522726207e-09
8325548.105495948,0.08387985861947435,1.7630417350409584e-09
8384154.894726376,0.08398202312427248,1.7233975031316989e-09
8443174.24006727,0.08408259339760453,1.684646850839276e-09
8502609.045662457,0.08418159444325753,1.6467696369100051e-09
8562462.236099122,0.08427905087375492,1.6097461740733943e-09
8622736.756551811,0.08437498691648564,1.5735572188093168e-09
8683435.572927287,0.08446942641973676,1.538183961345933e-09
8744561.672010493,0.08456239285863205,1.5036080158830142e-09
8806118.061611518,0.08465390934097738,1.4698114110356289e-09
8868107.770713624,0.08474399861301465,1.4367765804932333e-09
8930533.84962221,0.08483268306508555,1.4044863538893456e-09
8993399.37011503,0.08491998473720688,1.3729239478769203e-09
9056707.425593255,0.08500592532455828,1.3420729574049864e-09
9120461.13123375,0.08509052618288428,1.3119173471918409e-09
9195731.772874467,0.08518797777989767,1.277448038546467e-09
9281177.345808093,0.08529551927149788,1.2397447874353173e-09
9367416.868164586,0.08540085665627238,1.2031579999677914e-09
9454457.717221258,0.08550403542777778,1.1676546155713692e-09
9542307.338804156,0.08560510014355044,1.13320255265879e-09
9630973.247924944,0.08570409444439245,1.0997706796384974e-09
9720463.02942388,0.08580106107326073,1.067328786783451e-09
9810784.33861857,0.08589604189376694,1.0358475589330267e-09
9901944.901958862,0.0859890779082966,1.0052985490032263e-09
9993952.517687824,0.08608020927575512,9.756541522813022e-10
10086815.056508737,0.08616947532894831,9.468875814815992e-10
10180540.462258523,0.08625691459160525,9.189728425399741e-10
10275136.752587216,0.08634256479505045,8.918847111250475e-10
10370612.019643849,0.0864264628945328,8.655987098449745e-10
10466974.43076861,0.08650864508521829,8.400910861291902e-10
10564232.229191655,0.08658914681785351,8.153387907650617e-10
10662393.734738152,0.08666800281410661,7.913194570701743e-10
10761467.34454004,0.08674524708159233,7.680113806813297e-10
10861461.533754354,0.08682091292858779,7.453934999420332e-10
10962384.856288156,0.08689503297844517,7.234453768707678e-10
11064245.94553039,0.08696763918370783,7.021471786927843e-10
11167053.515090331,0.08703876283993561,6.814796599188208e-10
11270816.359543031,0.08710843459924561,6.61424144954471e-10
11375543.35518155,0.08717668448357409,6.41962511224552e-10
11481243.460776402,0.08724354189766548,6.2307717279715e-10
11587925.718341837,0.0873090356417938,6.047510644926236e-10
11695599.25390938,0.08737319392422237,5.869676264631521e-10
11804273.278308392,0.08743604437340673,5.697107892289341e-10
11913957.087954251,0.08749761404994674,5.529649591574363e-10
12024660.065643284,0.08755792945829217,5.367150043727174e-10
12136391.681355665,0.08761701655820768,5.209462410819143e-10
12249161.4930654,0.08767490077600157,5.056444203066827e-10
12362979.147558004,0.08773160701552345,4.907957150075216e-10
12477854.381255616,0.08778715966893547,4.763867075893901e-10
12593797.02105006,0.08784158262726191,4.62404377777272e-10
12710816.985143358,0.08789489929072151,4.488360908508017e-10
12828924.28389624,0.08794713257884715,4.3566958622726515e-10
12948129.02068435,0.08799830494039715,4.2289296638269743e-10
13068441.392762708,0.08804843836306271,4.1049468610101734e-10
13189871.692137895,0.0880975543829754,3.9846354204154605e-10
13312536.19403669,0.08814571506167468,3.867787726260391e-10
13461070.482927654,0.0882021586235122,3.732283914969032e-10
13611262.039423762,0.08825723284121308,3.601579450684922e-10
13763129.354446724,0.08831097172694459,3.4755043475495796e-10
13916691.125230327,0.08836340845704312,3.353894640355189e-10
14071966.257622274,0.08841457539265349,3.236592171302026e-10
14228973.868411709,0.08846450409985998,3.123444384308603e-10
14387733.287682945,0.08851322536932127,3.014304126606876e-10
14548264.061195249,0.08856076923542158,2.909029457364831e-10
14710585.952789092,0.08860716499495,2.807483463087394e-10
14874718.946819644,0.08865244122531965,2.709534079555356e-10
15040683.250616878,0.0886966258023379,2.6150539200712723e-10
15208499.296973644,0.08873974591753896,2.523920109788329e-10
15378187.746661166,0.08878182809508932,2.436014125907259e-10
15549769.490972608,0.08882289820827685,2.351221643533211e-10
15723265.654295312,0.08886298149559374,2.2694323869920216e-10
15898697.59671144,0.08890210257642317,2.1905399864127803e-10
16076086.916627642,0.08894028546633971,2.1144418393900247e-10
16255455.453434344,0.08897755359203281,2.0410389775455376e-10
16436825.290194418,0.08901392980586276,1.9702359378164572e-10
16620218.756361866,0.0890494364000581,1.901940638302155e-10
16805658.43053111,0.08908409512056348,1.836064258508345e-10
16993167.143216677,0.08911792718054641,1.7725211238328738e-10
17182767.979663875,0.08915095327357145,1.7112285941428455e-10
17374484.28269117,0.08918319358645,1.652106956298092e-10
17568339.65556394,0.08921466781177362,1.5950793204813974e-10
17764357.96490033,0.08924539516013887,1.5400715202005464e-10
17962563.34360968,0.08927539437207108,1.4870120158321132e-10
18162980.19386373,0.08930468372965461,1.4358318015815824e-10
18365633.190100856,0.08933328106787677,1.386464315738855e-10
18570547.28206373,0.08936120378569254,1.3388453541123764e-10
18777747.697871268,0.08938846885681684,1.2929129865292213e-10
19005852.20828567,0.08941741176697067,1.244775558186794e-10
19251341.647308424,0.08944736657649298,1.1956397722281765e-10
19500001.955177847,0.08947651144262675,1.1485112813507883e-10
19751874.088479623,0.08950486996998899,1.1033080835378814e-10
20006999.53281592,0.08953246509845307,1.0599515267190166e-10
20265420.309638456,0.08955931912216136,1.0183661719180621e-10
20527178.98316979,0.0895854537079979,9.784796619918688e-11
20792318.66741405,0.08961088991353648,9.402225957312287e-11
21060883.0332582,0.08963564820447904,9.035284071050665e-11
21332916.31566499,0.08965974847159905,8.683332494377465e-11
21608463.320958912,0.08968321004720375,8.345758843179636e-11
21887569.434206143,0.08970605172112922,8.021975750459349e-11
22170280.626689963,0.08972829175628134,7.71141984433474e-11
22456643.463482387,0.08974994790373579,7.413550767791742e-11
22746705.11111432,0.08977103741740958,7.127850238480206e-11
23040513.34534387,0.08979157706831618,6.853821146920232e-11
23338116.55902554,0.08981158315841649,6.590986691547967e-11
23639563.77008115,0.08983107153407667,6.338889549096482e-11
23944904.62957336,0.08985005759914452,6.09709107886856e-11
24254189.42988369,0.08986855632765496,5.865170559516319e-11
24567469.11299613,0.08988658227617528,5.6427244569999896e-11
24884795.278887764,0.08990414959580054,5.429365722451997e-11
25206220.19402769,0.08992127204380888,5.224723118724753e-11
25531796.79998584,0.08993796299498667,5.028440574450256e-11
25861578.722152893,0.08995423545263272,4.840176564487703e-11
26195620.278572883,0.08997010205925085,4.6596035156810074e-11
26533976.48888985,0.08998557510693965,4.48640723689235e-11
26876703.083410133,0.09000066654748799,4.320286372319946e-11
27223856.51228137,0.09001538800218488,4.160951877149042e-11
27575493.95479091,0.0900297507713516,4.0081265146232296e-11
27931673.328783244,0.09004376584360417,3.861544373661887e-11
28292453.300199594,0.09005744390485386,3.720950406183671e-11
28657893.29274129,0.09007079534705309,3.586099983331058e-11
29028053.497656595,0.09008383027669414,3.4567584698245306e-11
29402994.88365535,0.09009655852306764,3.332700815704707e-11
29782779.206950817,0.09010898964628769,3.213711164752945e-11
30167469.02143151,0.0901211329450904,3.099582478908646e-11
30557127.688964397,0.0901329974644121,2.9901161780298665e-11
30951819.389831148,0.09014459200275371,2.8851217943704334e-11
31351609.13329925,0.09015592511933736,2.7844166411723526e-11
31758098.052532174,0.09016704642415577,2.6874692047662012e-11
32223153.94729779,0.09017930134201799,2.582829699152379e-11
32695019.978643388,0.09019125335188989,2.4830191129841048e-11
33173795.87213035,0.09020291354070606,2.3878146005696675e-11
33659582.813670926,0.09021429265823303,2.2970036001333897e-11
34152483.47091299,0.09022540112820661,2.2103833592319935e-11
34652602.01493792,0.09023624905911502,2.1277604820720965e-11
35160044.14227688,0.09024684625463934,2.0489504977180643e-11
35674917.09724847,0.09025720222376223,1.9737774482264497e-11
36197329.69462463,0.09026732619055575,1.902073495787066e-11
36727392.34262756,0.09027722710365879,1.8336785479939304e-11
37265217.06626357,0.09028691364545388,1.7684399004092098e-11
37810917.53099926,0.09029639424095333,1.706211895622113e-11
38364609.06678333,0.0903056770664041,1.6468555980417047e-11
38926408.69242128,0.09031477005762048,1.590238483697314e-11
39496435.14030628,0.09032368091805337,1.5362341443541485e-11
40074808.88151219,0.0903324171266048,1.484722005283432e-11
40661652.151254825,0.09034098594519588,1.435587056056848e-11
41257088.97472487,0.09034939442609626,1.3887195937644366e-11
41861245.193300284,0.09035764941902275,1.3440149780823973e-11
42474248.49114178,0.09036575757801471,1.3013733976441348e-11
43096228.42217767,0.09037372536809339,1.2606996471928398e-11
43727316.4374848,0.0903815590717123,1.2219029150180121e-11
44367645.91306913,0.09038926479500535,1.1848965802014746e-11
45017352.17805448,0.09039684847383944,1.1495980192200262e-11
45676572.543282695,0.09040431587967779,1.1159284214731065e-11
46345446.33033396,0.09041167262526018,1.0838126133234382e-11
47024114.90097117,0.09041892417010618,1.0531788902579224e-11
47712721.68701541,0.09042607582584702,1.0239588567939935e-11
48411412.22066,0.0904331327613918,9.960872737739553e-12
49120334.16522685,0.09044010000793329,9.695019127064671e-12
49839637.346374825,0.09044698246379891,9.441434168298349e-12
50569473.78376397,0.09045378489915153,9.199551685870212e-12
51309997.72318355,0.0904605119605453,8.968831632164283e-12
52061365.66915151,0.09046716817534128,8.748758881762037e-12
52823736.41798975,0.09047375795598721,8.538842081329395e-12
53632450.10476182,0.0904805789054405,8.329796510696884e-12
54475646.62956936,0.0904875164897329,8.125642021798675e-12
55332099.68802495,0.09049439261810745,7.93157981111065e-12
56202017.69617325,0.09050121220583554,7.747110971750905e-12
57085612.34672564,0.0905079800426138,7.571761260057523e-12
57983098.66057557,0.09051470079758613,7.405079876374148e-12
58894695.03912381,0.09052137902420346,7.2466383061068795e-12
59820623.31742512,0.09052801916492692,7.096029218073166e-12
60761108.81817228,0.09053462555577997,6.952865417309954e-12
61716380.40652695,0.09054120243075496,6.8167788496496136e-12
62686670.545814544,0.09054775392607922,6.687419655503819e-12
63672215.35409272,0.09055428408434582,6.564455270423488e-12
64673254.661610655,0.09056079685851372,6.447569570121886e-12
65690032.06917164,0.09056729611578211,6.3364620577631294e-12
66722795.00741183,0.09057378564134345,6.230847091426835e-12
67771794.79701309,0.09058026914201955,6.1304531497624576e-12
68837286.70986041,0.09058675024978492,6.035022133945848e-12
69919530.03116216,0.09059323252518152,5.944308704143141e-12
71018788.12254699,0.09059971946062882,5.858079648776209e-12
72135328.48615141,0.09060621448363307,5.776113284968307e-12
73269422.82971698,0.09061272095989927,5.698198888628213e-12
74421347.13270882,0.09061924219634963,5.624136152708048e-12
75672483.97882031,0.09062623177316942,5.54902502707683e-12
76954039.5071968,0.09063329724124532,5.477368944072445e-12
78257298.88994603,0.09064039146068482,5.4095190130137135e-12
79582629.6938916,0.09064751828929885,5.345273062751633e-12
80930405.71080537,0.09065468152523662,5.284439660850229e-12
82301007.06282985,0.0906618849106103,5.226837543178994e-12
83694820.30968775,0.09066913213500899,5.172295073803545e-12
85112238.55770461,0.09067642683890689,5.120649733565358e-12
86553661.57068054,0.09068377261696971,5.071747635826465e-12
88019495.88263686,0.09069117302126369,5.025443067936419e-12
89510154.91247493,0.09069863156437115,4.9815980570550325e-12
91026059.080574,0.09070615172241663,4.940081959037376e-12
92567635.9273666,0.0907137369380071,4.900771069155858e-12
94135320.23391911,0.09072139062309026,4.8635482534996465e-12
95729554.14455745,0.09072911616173397,4.8283025999529406e-12
97350787.29156628,0.09073691691283067,4.794929087712289e-12
98999476.92200354,0.09074479621272961,4.763328274358064e-12
100676088.02665909,0.09074878933726957,0.0
102381093.47120076,0.09074878933726957,0.0
104114974.12953848,0.09074878933726957,0.0
105878219.01944847,0.09074878933726957,0.0
107671325.4404959,0.09074878933726957,0.0
109494799.11428876,0.09074878933726957,0.0
111349154.3271113,0.09074878933726957,0.0
113234914.07497282,0.09074878933726957,0.0
115183483.2688032,0.09074878933726957,0.0
117284835.6069605,0.09074878933726957,0.0
119424524.0113994,0.09074878933726957,0.0
121603247.8669632,0.09074878933726957,0.0
123821719.31773962,0.09074878933726957,0.0
126080663.4998307,0.09074878933726957,0.0
128380818.77837443,0.09074878933726957,0.0
130722936.9888906,0.09074878933726957,0.0
133107783.68302418,0.09074878933726957,0.0
135536138.3787801,0.09074878933726957,0.0
138008794.8153151,0.09074878933726957,0.0
140526561.21238306,0.09074878933726957,0.0
143090260.534514,0.09074878933726957,0.0
145700730.76000664,0.09074878933726957,0.0
148358825.15483695,0.09074878933726957,0.0
151065412.55155528,0.09074878933726957,0.0
153821377.6332771,0.09074878933726957,0.0
156627621.22285503,0.09074878933726957,0.0
159485060.57732022,0.09074878933726957,0.0
162394629.68770462,0.09074878933726957,0.0
165357279.58432353,0.09074878933726957,0.0
168373978.6476341,0.09074878933726957,0.0
171445712.92476517,0.09074878933726957,0.0
174573486.45181528,0.09074878933726957,0.0
177758321.58203703,0.09074878933726957,0.0
181001259.32000855,0.09074878933726957,0.0
184303359.6618952,0.09074878933726957,0.0
187665701.94192463,0.09074878933726957,0.0
191089385.1851844,0.09074878933726957,0.0
194575528.46684605,0.09074878933726957,0.0
198125271.2779565,0.09074878933726957,0.0
201739773.8978893,0.09074878933726957,0.0
205724179.1031556,0.09074878933726957,0.0
209881330.50383267,0.09074878933726957,0.0
214122487.1383305,0.09074878933726957,0.0
218449346.5342658,0.09074878933726957,0.0
222863640.5218808,0.09074878933726957,0.0
227367135.9272068,0.09074878933726957,0.0
231961635.2792434,0.09074878933726957,0.0
236648977.5314194,0.09074878933726957,0.0
241431038.7976376,0.09074878933726957,0.0
246309733.1031876,0.09074878933726957,0.0
251287013.1508424,0.09074878933726957,0.0
256364871.102426,0.09074878933726957,0.0
261545339.3761804,0.09074878933726957,0.0
266830491.4602388,0.09074878933726957,0.0
272222442.742548,0.09074878933726957,0.0
277723351.35755074,0.09074878933726957,0.0
283335419.04998314,0.09074878933726957,0.0
289060892.05612135,0.09074878933726957,0.0
294902062.0028465,0.09074878933726957,0.0
300861266.8248668,0.09074878933726957,0.0
306940891.70047903,0.09074878933726957,0.0
313143370.0062408,0.09074878933726957,0.0
319471184.29092646,0.09074878933726957,0.0
325926867.2691778,0.09074878933726957,0.0
332513002.83522105,0.09074878933726957,0.0
339232227.0970743,0.09074878933726957,0.0
346087229.4316543,0.09074878933726957,0.0
353080753.5611968,0.09074878933726957,0.0
360215598.6514428,0.09074878933726957,0.0
367494620.4320021,0.09074878933726957,0.0
374920732.3393654,0.09074878933726957,0.0
382496906.68300414,0.09074878933726957,0.0
390226175.8350495,0.09074878933726957,0.0
398111633.4439973,0.09074878933726957,0.0
406156435.6729469,0.09074878933726957,0.0
414363802.4628522,0.09074878933726957,0.0
422737018.8213172,0.09074878933726957,0.0
431279436.1374163,0.09074878933726957,0.0
439994473.52309406,0.09074878933726957,0.0
448885619.1816697,0.09074878933726957,0.0
457965804.7688032,0.09074878933726957,0.0
467261211.1706869,0.09074878933726957,0.0
476745287.9476849,0.09074878933726957,0.0
486421864.5730795,0.09074878933726957,0.0
496294848.2475931,0.09074878933726957,0.0
506368225.4770382,0.09074878933726957,0.0
516646063.68197787,0.09074878933726957,0.0
527132512.840078,0.09074878933726957,0.0
537831807.1617737,0.09074878933726957,0.0
548748266.7999601,0.09074878933726957,0.0
559886299.5943713,0.09074878933726957,0.0
571250402.851388,0.09074878933726957,0.0
582845165.1599495,0.09074878933726957,0.0
594675268.2443243,0.09074878933726957,0.0
606745488.8545065,0.09074878933726957,0.0
619060700.6949588,0.09074878933726957,0.0
631625876.3925188,0.09074878933726957,0.0
644446089.5042317,0.09074878933726957,0.0
657526516.5659628,0.09074878933726957,0.0
670872439.1825674,0.09074878933726957,0.0
684489246.1604854,0.09074878933726957,0.0
698382435.6836451,0.09074878933726957,0.0
712557617.5335057,0.09074878933726957,0.0
727020515.3541722,0.09074878933726957,0.0
741776968.9634883,0.09074878933726957,0.0
756832936.7110202,0.09074878933726957,0.0
769887791.3970227,0.09074878933726957,0.0
781200902.7633687,0.09074878933726957,0.0
792680254.5743842,0.09074878933726957,0.0
804328289.6492535,0.09074878933726957,0.0
816147486.7031423,0.09074878933726957,0.0
828140360.8746945,0.09074878933726957,0.0
840309464.2612295,0.09074878933726957,0.0
852657386.461855,0.09074878933726957,0.0
865186755.1285273,0.09074878933726957,0.0
877900236.5252067,0.09074878933726957,0.0
890800536.0952674,0.09074878933726957,0.0
903890399.03719,0.09074878933726957,0.0
917172610.888772,0.09074878933726957,0.0
930649998.1198628,0.09074878933726957,0.0
944325428.733868,0.09074878933726957,0.0
958201812.8780512,0.09074878933726957,0.0
972282103.4628048,0.09074878933726957,0.0
986569296.7900604,0.09074878933726957,0.0
1001066433.1908736,0.09074878933726957,0.0
1015776597.6724392,0.09074878933726957,0.0
1030702920.5745692,0.09074878933726957,0.0
1045848578.2358232,0.09074878933726957,0.0
1061216793.6694648,0.09074878933726957,0.0
1076810837.2492883,0.09074878933726957,0.0
1092634027.405589,0.09074878933726957,0.0
1108689731.3313158,0.09074878933726957,0.0
1124981365.698599,0.09074878933726957,0.0
1141512397.3858554,0.09074878933726957,0.0
1158286344.215506,0.09074878933726957,0.0
1175306775.7026064,0.09074878933726957,0.0
1192577313.814428,0.09074878933726957,0.0
1210544934.1268506,0.09074878933726957,0.0
1232746082.4921932,0.09074878933726957,0.0
1255354395.411981,0.09074878933726957,0.0
1278377340.201494,0.09074878933726957,0.0
1301822521.1250613,0.09074878933726957,0.0
1325697681.9076624,0.09074878933726957,0.0
1350010708.2926366,0.09074878933726957,0.0
1374769630.6462495,0.09074878933726957,0.0
1400944560.3087287,0.09074878933726957,0.0
1427758131.3678749,0.09074878933726957,0.0
1455084904.4574978,0.09074878933726957,0.0
1482934702.078437,0.09074878933726957,0.0
1511317534.7306323,0.09074878933726957,0.0
1540243604.5113626,0.09074878933726957,0.0
1569723308.7823582,0.09074878933726957,0.0
1599347130.6733918,0.09074878933726957,0.0
1628291299.7793968,0.09074878933726957,0.0
1657759285.7036266,0.09074878933726957,0.0
1687760568.215856,0.09074878933726957,0.0
1718304798.645881,0.09074878933726957,0.0
1749401802.988343,0.09074878933726957,0.0
1781061585.0637486,0.09074878933726957,0.0
1813294329.7366188,0.09074878933726957,0.0
1846793983.157478,0.09074878933726957,0.0
1883647894.627137,0.09074878933726957,0.0
1921237248.6003995,0.09074878933726957,0.0
1959576721.2854297,0.09074878933726957,0.0
1998681281.7631345,0.09074878933726957,0.0
2038566197.8316967,0.09074878933726957,0.0
2079247041.9675949,0.09074878933726957,0.0
2120739697.40564,0.09074878933726957,0.0
2163060364.3404365,0.09074878933726957,0.0
2208309347.375814,0.09074878933726957,0.0
2255596950.6853623,0.09074878933726957,0.0
2303897146.46952,0.09074878933726957,0.0
2353231617.863989,0.09074878933726957,0.0
2403622512.316016,0.09074878933726957,0.0
2455092451.526917,0.09074878933726957,0.0
2507664541.607517,0.09074878933726957,0.0
2561362383.451039,0.09074878933726957,0.0
2616210083.328125,0.09074878933726957,0.0
2653294681.0305524,0.09074878933726957,0.0
2676352917.2182174,0.09074878933726957,0.0
2699611539.0848227,0.09074878933726957,0.0
2723072288.065413,0.09074878933726957,0.0
2746736920.728797,0.09074878933726957,0.0
2770607208.909141,0.09074878933726957,0.0
2794684939.8385468,0.09074878933726957,0.0
2818971916.2809367,0.09074878933726957,0.0
2843469956.667007,0.09074878933726957,0.0
2868180895.2303376,0.09074878933726957,0.0
2924362576.1918044,0.09074878933726957,0.0
2987472972.769196,0.09074878933726957,0.0
3051945348.941257,0.09074878933726957,0.0
3117809097.4628463,0.09074878933726957,0.0
3185094245.411139,0.09074878933726957,0.0
3253831467.874869,0.09074878933726957,0.0
3324052101.9389906,0.09074878933726957,0.0
3395788160.971214,0.09074878933726957,0.0
3469072349.216717,0.09074878933726957,0.0
3543938076.7079616,0.09074878933726957,0.0
3624994775.4914527,0.09074878933726957,0.0
3714811173.777936,0.09074878933726957,0.0
3806852950.554824,0.09074878933726957,0.0
3901175243.965233,0.09074878933726957,0.0
3997834558.308633,0.09074878933726957,0.0
4096888797.889956,0.09074878933726957,0.0
4198397301.707544,0.09074878933726957,0.0
4302420879.000563,0.09074878933726957,0.0
4409021845.676992,0.09074878933726957,0.0
4518264061.6444645,0.09074878933726957,0.0
4630212969.065776,0.09074878933726957,0.0
4748641304.163002,0.09074878933726957,0.0
4896490340.020496,0.09074878933726957,0.0
5048942658.375793,0.09074878933726957,0.0
5206141582.515656,0.09074878933726957,0.0
5368234898.1,0.09074878933726957,0.0
5535374992.097988,0.09074878933726957,0.0
5707718996.04998,0.09074878933726957,0.0
5885428933.789766,0.09074878933726957,0.0
6068671873.766231,0.09074878933726957,0.0
6257620086.107515,0.09074878933726957,0.0
6452451204.57553,0.09074878933726957,0.0
6653348393.562527,0.09074878933726957,0.0
6860500520.287615,0.09074878933726957,0.0
7069864995.995279,0.09074878933726957,0.0
7284944520.399181,0.09074878933726957,0.0
7506567196.877984,0.09074878933726957,0.0
7734932081.288725,0.09074878933726957,0.0
7970244285.168491,0.09074878933726957,0.0
8212715159.960016,0.09074878933726957,0.0
8462562486.842388,0.09074878933726957,0.0
8720010672.336613,0.09074878933726957,0.0
8985290949.861782,0.09074878933726957,0.0
9258641587.422949,0.09074878933726957,0.0
9540308101.61765,0.09074878933726957,0.0
9830543478.15237,0.09074878933726957,0.0
10129608399.068195,0.09074878933726957,0.0
10434705454.075306,0.09074878933726957,0.0
10744922426.025543,0.09074878933726957,0.0
11064361945.762106,0.09074878933726957,0.0
11393298193.601738,0.09074878933726957,0.0
11732013501.06304,0.09074878933726957,0.0
12080798593.195915,0.09074878933726957,0.0
12439952838.115952,0.09074878933726957,0.0
12809784503.957264,0.09074878933726957,0.0
13190611023.463928,0.09074878933726957,0.0
13582759266.448044,0.09074878933726957,0.0
13986565820.347494,0.09074878933726957,0.0
14402377279.124832,0.09074878933726957,0.0
14830550540.754375,0.09074878933726957,0.0
15271453113.55391,0.09074878933726957,0.0
15725463431.623451,0.09074878933726957,0.0
16197198166.20699,0.09074878933726957,0.0
16686091877.692371,0.09074878933726957,0.0
17189742280.96334,0.09074878933726957,0.0
17708594789.71087,0.09074878933726957,0.0
18243108261.92332,0.09074878933726957,0.0
18793755405.68724,0.09074878933726957,0.0
19361023197.236805,0.09074878933726957,0.0
19945413311.62091,0.09074878933726957,0.0
20547442566.370125,0.09074878933726957,0.0
21167643378.555275,0.09074878933726957,0.0
21806564235.641037,0.09074878933726957,0.0
22464770180.552525,0.09074878933726957,0.0
23142843311.382683,0.09074878933726957,0.0
23841383296.18279,0.09074878933726957,0.0
24561007903.29136,0.09074878933726957,0.0
25302353547.670307,0.09074878933726957,0.0
26066075853.73213,0.09074878933726957,0.0
26819015219.989723,0.09074878933726957,0.0
27593554029.346447,0.09074878933726957,0.0
28390461682.68502,0.09074878933726957,0.0
29210384196.93172,0.09074878933726957,0.0
30053986246.118217,0.09074878933726957,0.0
30921951700.20176,0.09074878933726957,0.0
31814984179.44851,0.09074878933726957,0.0
32733807624.825783,0.09074878933726957,0.0
33679166884.86839,0.09074878933726957,0.0
34651828319.49455,0.09074878933726957,0.0
35652580421.25756,0.09074878933726957,0.0
36682234454.54186,0.09074878933726957,0.0
37741625113.21855,0.09074878933726957,0.0
38831611197.29355,0.09074878933726957,0.0
39953076309.09756,0.09074878933726957,0.0
41106929569.58273,0.09074878933726957,0.0
42294106355.306335,0.09074878933726957,0.0
43515569056.69698,0.09074878933726957,0.0
44756211728.51,0.09074878933726957,0.0
45957381175.59404,0.09074878933726957,0.0
47190787668.32778,0.09074878933726957,0.0
48457296386.15361,0.09074878933726957,0.0
49757795728.24286,0.09074878933726957,0.0
51093197936.66841,0.09074878933726957,0.0
52464439736.30088,0.09074878933726957,0.0
53872482991.88038,0.09074878933726957,0.0
55318315382.72078,0.09074878933726957,0.0
56802951095.523,0.09074878933726957,0.0
58327431535.780334,0.09074878933726957,0.0
59892826058.28046,0.09074878933726957,0.0
61500232717.20657,0.09074878933726957,0.0
63150779036.37589,0.09074878933726957,0.0
64845622800.145966,0.09074878933726957,0.0
66585952865.54904,0.09074878933726957,0.0
68372989996.220985,0.09074878933726957,0.0
70207987718.71399,0.09074878933726957,0.0
72092233201.78818,0.09074878933726957,0.0
74027048159.30354,0.09074878933726957,0.0
76013789777.34143,0.09074878933726957,0.0
78053851666.21326,0.09074878933726957,0.0
80148664838.01141,0.09074878933726957,0.0
82299698710.40364,0.09074878933726957,0.0
84508462137.36212,0.09074878933726957,0.0
86776504467.55772,0.09074878933726957,0.0
89105416631.1573,0.09074878933726957,0.0
91496832255.79211,0.09074878933726957,0.0
93952428812.4731,0.09074878933726957,0.0
96473928792.26234,0.09074878933726957,0.0
99063100914.5216,0.09074878933726957,0.0
101721761367.59402,0.09074878933726957,0.0
104451775082.77348,0.09074878933726957,0.0
107255057042.47472,0.09074878933726957,0.0
110133573623.50587,0.09074878933726957,0.0
113089343976.39449,0.09074878933726957,0.0
116124441441.72955,0.09074878933726957,0.0
119240995004.51984,0.09074878933726957,0.0
122441190787.5796,0.09074878933726957,0.0
125727273584.997,0.09074878933726957,0.0
129101548436.75462,0.09074878933726957,0.0
132566382245.6148,0.09074878933726957,0.0
136124205437.39452,0.09074878933726957,0.0
139777513665.7981,0.09074878933726957,0.0
143528869563.0126,0.09074878933726957,0.0
147380904537.27188,0.09074878933726957,0.0
151336320618.67834,0.09074878933726957,0.0
155397892354.55023,0.09074878933726957,0.0
159568468755.6498,0.09074878933726957,0.0
163850975294.62808,0.09074878933726957,0.0
168248415958.11987,0.09074878933726957,0.0
172763875353.90274,0.09074878933726957,0.0
177400520874.61273,0.09074878933726957,0.0
182161604919.52545,0.09074878933726957,0.0
187050467175.97318,0.09074878933726957,0.0
192070536961.9827,0.09074878933726957,0.0
197225335631.79047,0.09074878933726957,0.0
202518479045.91055,0.09074878933726957,0.0
207953680107.508,0.09074878933726957,0.0
213534751366.82263,0.09074878933726957,0.0
219265607695.5116,0.09074878933726957,0.0
225150269032.75223,0.09074878933726957,0.0
231192863205.0517,0.09074878933726957,0.0
237397628821.728,0.09074878933726957,0.0
243768918248.11096,0.09074878933726957,0.0
250311200658.52756,0.09074878933726957,0.0
257029065171.22977,0.09074878933726957,0.0
263927224067.45044,0.09074878933726957,0.0
271010516096.869,0.09074878933726957,0.0
278283909871.76306,0.09074878933726957,0.0
285752507352.27924,0.09074878933726957,0.0
293421547425.2244,0.09074878933726957,0.0
301296409578.9126,0.09074878933726957,0.0
309382617676.63043,0.09074878933726957,0.0
317685843831.3871,0.09074878933726957,0.0
326211912384.643,0.09074878933726957,0.0
334966803991.82715,0.09074878933726957,0.0
343956659817.49225,0.09074878933726957,0.0
353187785843.08185,0.09074878933726957,0.0
362666657290.275,0.09074878933726957,0.0
372399923163.0793,0.09074878933726957,0.0
382394410911.8027,0.09074878933726957,0.0
392657131222.20746,0.09074878933726957,0.0
403195282933.18585,0.09074878933726957,0.0
414016258086.4329,0.09074878933726957,0.0
425127647111.62646,0.09074878933726957,0.0
436537244150.7772,0.09074878933726957,0.0
448253052525.46136,0.09074878933726957,0.0
460283290350.8124,0.09074878933726957,0.0
472636396300.1355,0.09074878933726957,0.0
485321035524.2792,0.09074878933726957,0.0
498346105729.8416,0.09074878933726957,0.0
511720743420.5174,0.09074878933726957,0.0
525454330305.93774,0.09074878933726957,0.0
539556499882.5318,0.09074878933726957,0.0
554037144190.9856,0.09074878933726957,0.0
568906420755.0693,0.09074878933726957,0.0
584174759706.6748,0.09074878933726957,0.0
599852871102.1112,0.09074878933726957,0.0
615951752434.6974,0.09074878933726957,0.0
632482696349.0371,0.09074878933726957,0.0
649457298562.2948,0.09074878933726957,0.0
666887465998.0635,0.09074878933726957,0.0
684785425138.5547,0.09074878933726957,0.0
703163730600.9177,0.09074878933726957,0.0
722035273943.7449,0.09074878933726957,0.0
741413292709.9246,0.09074878933726957,0.0
761311379712.1742,0.09074878933726957,0.0
781743492567.807,0.09074878933726957,0.0
802723963489.3645,0.09074878933726957,0.0
824267509338.0242,0.09074878933726957,0.0
846389241946.8231,0.09074878933726957,0.0
869104678720.9183,0.09074878933726957,0.0
892429753522.372,0.09074878933726957,0.0
916380827847.0292,0.09074878933726957,0.0
940974702301.3826,0.09074878933726957,0.0
966228628387.4292,0.09074878933726957,0.0
992160320603.8506,0.09074878933726957,0.0
1018787968871.9258,0.09074878933726957,0.0
1046130251294.954,0.09074878933726957,0.0
1074206347260.0868,0.09074878933726957,0.0
1103035950891.8577,0.09074878933726957,0.0
1132639284866.6675,0.09074878933726957,0.0
1163037114598.1394,0.09074878933726957,0.0
1194250762803.0818,0.09074878933726957,0.0
1226302124458.4758,0.09074878933726957,0.0
1259213682159.7554,0.09074878933726957,0.0
1293008521891.3933,0.09074878933726957,0.0
1327710349220.663,0.09074878933726957,0.0
1363343505926.0425,0.09074878933726957,0.0
1399932987071.8604,0.09074878933726957,0.0
1437504458541.247,0.09074878933726957,0.0
1476084275039.5825,0.09074878933726957,0.0
1515699498581.152,0.09074878933726957,0.0
1556377917471.9082,0.09074878933726957,0.0
1598148065801.7915,0.09074878933726957,0.0
1641039243460.0305,0.09074878933726957,0.0
1685081536687.7688,0.09074878933726957,0.0
1730305839182.189,0.09074878933726957,0.0
1776743873767.0686,0.09074878933726957,0.0
1824428214644.8943,0.09074878933726957,0.0
1873392310246.248,0.09074878933726957,0.0
1923670506692.356,0.09074878933726957,0.0
1975298071887.3704,0.09074878933726957,0.0
2028311220257.1855,0.09074878933726957,0.0
2082747138152.326,0.09074878933726957,0.0
2138644009932.3892,0.09074878933726957,0.0
2196041044750.7605,0.09074878933726957,0.0
2254978504058.0327,0.09074878933726957,0.0
2315497729843.632,0.09074878933726957,0.0
2377641173635.334,0.09074878933726957,0.0
2441452426277.1675,0.09074878933726957,0.0
2506976248506.402,0.09074878933726957,0.0
2574258602351.221,0.09074878933726957,0.0
2643346683370.976,0.09074878933726957,0.0
2714288953761.871,0.09074878933726957,0.0
2787135176350.8823,0.09074878933726957,0.0
2861936449502.264,0.09074878933726957,0.0
2938745242960.713,0.09074878933726957,0.0
3017615434656.5703,0.09074878933726957,0.0
3098602348498.7266,0.09074878933726957,0.0
3181762793181.9395,0.09074878933726957,0.0
3267155102035.559,0.09074878933726957,0.0
3354839173941.702,0.09074878933726957,0.0
3444876515351.718,0.09074878933726957,0.0
3537330283430.156,0.09074878933726957,0.0
3632265330356.708,0.09074878933726957,0.0
3729748248817.1,0.09074878933726957,0.0
3829847418714.89,0.09074878933726957,0.0
3932633055136.92,0.09074878933726957,0.0
4038177257606.0073,0.09074878933726957,0.0
4146554060655.552,0.09074878933726957,0.0
4257839485761.559,0.09074878933726957,0.0
4372111594668.088,0.09074878933726957,0.0
4489450544144.258,0.09074878933726957,0.0
4609938642210.541,0.09074878933726957,0.0
4733660405874.199,0.09074878933726957,0.0
4860702620414.081,0.09074878933726957,0.0
4991154400256.822,0.09074878933726957,0.0
5125107251486.356,0.09074878933726957,0.0
5262655136031.57,0.09074878933726957,0.0
5403894537576.19,0.09074878933726957,0.0
5548924529238.019,0.09074878933726957,0.0
5697846843063.991,0.09074878933726957,0.0
5850765941390.893,0.09074878933726957,0.0
6007789090120.9,0.09074878933726957,0.0
6169026433963.858,0.09074878933726957,0.0
6334591073698.741,0.09074878933726957,0.0
6504599145509.057,0.09074878933726957,0.0
6679169902446.828,0.09074878933726957,0.0
6858425798083.586,0.09074878933726957,0.0
7042492572405.789,0.09074878933726957,0.0
7231499340016.139,0.09074878933726957,0.0
7425578680701.294,0.09074878933726957,0.0
7624866732430.969,0.09074878933726957,0.0
7829503286852.485,0.09074878933726957,0.0
8039631887348.413,0.09074878933726957,0.0
8255399929725.667,0.09074878933726957,0.0
8476958765607.426,0.09074878933726957,0.0
8704463808599.058,0.09074878933726957,0.0
8938074643304.215,0.09074878933726957,0.0
9177955137265.934,0.09074878933726957,0.0
9424273555912.82,0.09074878933726957,0.0
9677202680589.2,0.09074878933726957,0.0
9936919929753.902,0.09074878933726957,0.0
10203607483431.19,0.09074878933726957,0.0
10477452411001.951,0.09074878933726957,0.0
10758646802424.355,0.09074878933726957,0.0
11047387902976.582,0.09074878933726957,0.0
11343878251615.412,0.09074878933726957,0.0
11648325823048.312,0.09074878933726957,0.0
11960944173618.15,0.09074878933726957,0.0
12281952591103.94,0.09074878933726957,0.0
12611576248540.771,0.09074878933726957,0.0
12950046362168.896,0.09074878933726957,0.0
13297600353621.896,0.09074878933726957,0.0
13654482016466.637,0.09074878933726957,0.0
14020941687214.146,0.09074878933726957,0.0
14397236420919.184,0.09074878933726957,0.0
14783630171492.914,0.09074878933726957,0.0
15180393976854.824,0.09074878933726957,0.0
15587806149053.385,0.09074878933726957,0.0
16006152469490.164,0.09074878933726957,0.0
16435726389381.896,0.09074878933726957,0.0
16876829235603.717,0.09074878933726957,0.0
17329770422056.912,0.09074878933726957,0.0
17794867666708.035,0.09074878933726957,0.0
18272447214454.566,0.09074878933726957,0.0
18762844065970.8,0.09074878933726957,0.0
19266402212695.85,0.09074878933726957,0.0
19783474878128.37,0.09074878933726957,0.0
20314424765596.56,0.09074878933726957,0.0
20859624312679.28,0.09074878933726957,0.0
21419455952453.227,0.09074878933726957,0.0
21994312381753.12,0.09074878933726957,0.0
22584596836631.48,0.09074878933726957,0.0
23190723375209.53,0.09074878933726957,0.0
23813117168121.42,0.09074878933726957,0.0
24452214796751.92,0.09074878933726957,0.0
25108464559478.832,0.09074878933726957,0.0
25782326786134.324,0.09074878933726957,0.0
26474274160905.293,0.09074878933726957,0.0
27184792053900.777,0.09074878933726957,0.0
27914378861617.08,0.09074878933726957,0.0
28663546356540.11,0.09074878933726957,0.0
29432820046132.14,0.09074878933726957,0.0
30222739541450.16,0.09074878933726957,0.0
31033858935660.27,0.09074878933726957,0.0
31866747192708.035,0.09074878933726957,0.0
32721988546422.72,0.09074878933726957,0.0
33600182910329.38,0.09074878933726957,0.0
34501946298462.77,0.09074878933726957,0.0
35427911257472.96,0.09074878933726957,0.0
36378727310328.78,0.09074878933726957,0.0
37355061411928.35,0.09074878933726957,0.0
38357598416939.74,0.09074878933726957,0.0
39387041560193.766,0.09074878933726957,0.0
40444112949973.54,0.09074878933726957,0.0
41529554074539.56,0.09074878933726957,0.0
42644126322252.5,0.09074878933726957,0.0
43788611515650.68,0.09074878933726957,0.0
44963812459865.51,0.09074878933726957,0.0
46170553505752.43,0.09074878933726957,0.0
47409681128136.55,0.09074878933726957,0.0
48682064519575.84,0.09074878933726957,0.0
49988596200062.97,0.09074878933726957,0.0
51330192643085.4,0.09074878933726957,0.0
52707794918492.83,0.09074878933726957,0.0
54122369352613.79,0.09074878933726957,0.0
55574908206091.75,0.09074878933726957,0.0
57066430369910.72,0.09074878933726957,0.0
58597982080101.82,0.09074878933726957,0.0
60170637651631.1,0.09074878933726957,0.0
61785500231983.59,0.09074878933726957,0.0
63443702574970.62,0.09074878933726957,0.0
